EmployeeID,AttendancePercentage,LeavesTaken,JobSatisfaction,WorkLifeBalance,Attrition
EMP00001,86.6,21,3,2,No
EMP00002,98.6,5,1,1,Yes
EMP00003,88.0,2,3,2,No
EMP00004,90.0,4,1,2,No
EMP00005,88.2,2,2,5,No
EMP00006,79.5,25,2,4,No
EMP00007,91.6,14,2,1,No
EMP00008,93.0,15,5,3,No
EMP00009,82.1,3,4,5,No
EMP00010,86.3,3,1,5,No
EMP00011,86.2,6,2,5,No
EMP00012,95.1,22,4,4,No
EMP00013,92.4,10,5,1,No
EMP00014,85.4,0,3,4,No
EMP00015,83.5,27,4,1,No
EMP00016,87.1,29,3,4,No
EMP00017,81.7,5,3,3,No
EMP00018,93.7,0,3,4,No
EMP00019,79.9,29,5,4,Yes
EMP00020,84.9,27,3,3,Yes
EMP00021,97.0,23,2,1,No
EMP00022,81.2,17,3,5,No
EMP00023,99.1,26,2,3,No
EMP00024,95.5,11,1,3,Yes
EMP00025,75.3,20,2,5,No
EMP00026,94.2,9,4,5,No
EMP00027,80.5,19,3,1,Yes
EMP00028,95.7,6,3,4,No
EMP00029,77.8,0,1,3,No
EMP00030,94.0,7,5,3,No
EMP00031,85.8,27,1,2,Yes
EMP00032,82.8,22,4,1,No
EMP00033,86.8,24,5,5,No
EMP00034,87.7,26,5,3,No
EMP00035,90.1,18,3,5,No
EMP00036,77.7,23,5,2,No
EMP00037,99.3,6,1,2,No
EMP00038,89.1,2,1,4,No
EMP00039,80.1,20,1,5,No
EMP00040,92.9,0,4,1,No
EMP00041,87.4,9,3,1,No
EMP00042,87.3,12,1,1,No
EMP00043,95.0,26,5,3,No
EMP00044,75.9,21,4,4,No
EMP00045,93.3,4,4,3,Yes
EMP00046,91.4,8,4,4,Yes
EMP00047,99.9,28,1,3,No
EMP00048,80.7,21,1,1,Yes
EMP00049,90.4,20,5,5,No
EMP00050,87.7,3,2,2,No
EMP00051,81.7,12,5,2,No
EMP00052,76.3,16,2,1,Yes
EMP00053,93.2,16,2,2,No
EMP00054,75.7,28,1,2,No
EMP00055,93.0,1,5,4,No
EMP00056,84.4,25,1,4,No
EMP00057,79.5,0,3,1,No
EMP00058,92.3,14,2,5,No
EMP00059,84.2,19,4,2,No
EMP00060,90.3,13,2,5,No
EMP00061,75.3,26,2,5,No
EMP00062,82.8,24,1,1,No
EMP00063,92.8,11,2,3,No
EMP00064,75.6,30,3,2,No
EMP00065,84.6,11,3,1,No
EMP00066,96.1,16,2,5,No
EMP00067,84.4,10,3,2,Yes
EMP00068,87.8,12,3,5,No
EMP00069,94.5,6,5,3,No
EMP00070,96.2,19,5,3,No
EMP00071,82.8,18,3,1,No
EMP00072,87.1,24,5,3,Yes
EMP00073,76.7,16,4,3,No
EMP00074,79.5,14,5,3,No
EMP00075,77.8,21,2,5,No
EMP00076,91.4,7,4,3,No
EMP00077,87.7,15,2,3,No
EMP00078,93.6,11,3,5,No
EMP00079,92.7,11,5,5,No
EMP00080,95.1,13,4,3,No
EMP00081,92.3,11,5,3,No
EMP00082,77.8,28,2,5,No
EMP00083,84.0,5,2,1,No
EMP00084,90.0,6,3,2,No
EMP00085,94.0,21,3,2,No
EMP00086,76.7,3,4,1,No
EMP00087,75.6,25,1,4,No
EMP00088,88.3,19,1,4,No
EMP00089,76.1,9,1,1,No
EMP00090,90.4,17,1,1,No
EMP00091,84.1,23,5,1,No
EMP00092,85.7,17,2,2,No
EMP00093,91.1,21,1,5,No
EMP00094,90.2,21,5,4,No
EMP00095,98.6,20,3,2,No
EMP00096,76.2,26,1,2,No
EMP00097,83.1,9,2,3,No
EMP00098,94.7,4,2,1,No
EMP00099,95.2,14,1,2,No
EMP00100,83.8,1,1,3,No
EMP00101,77.4,17,5,2,Yes
EMP00102,92.9,22,3,4,No
EMP00103,85.6,28,4,5,No
EMP00104,88.2,13,5,3,No
EMP00105,96.5,24,1,1,No
EMP00106,79.5,23,2,5,No
EMP00107,92.6,3,4,3,No
EMP00108,99.4,10,1,1,No
EMP00109,86.8,24,1,2,No
EMP00110,87.3,19,5,5,No
EMP00111,89.0,14,1,1,Yes
EMP00112,94.0,4,5,5,No
EMP00113,89.4,18,4,3,No
EMP00114,79.9,3,1,3,Yes
EMP00115,80.8,26,5,2,No
EMP00116,92.2,11,4,3,No
EMP00117,87.9,10,1,5,No
EMP00118,76.8,25,2,2,No
EMP00119,95.9,22,2,2,No
EMP00120,84.6,3,4,5,No
EMP00121,96.0,9,5,3,No
EMP00122,90.7,21,5,2,No
EMP00123,94.2,24,5,4,No
EMP00124,98.4,8,1,2,No
EMP00125,84.2,8,5,4,No
EMP00126,97.0,4,1,5,No
EMP00127,75.3,4,3,5,No
EMP00128,89.8,1,5,4,No
EMP00129,83.9,30,5,1,Yes
EMP00130,95.7,7,4,4,No
EMP00131,90.3,10,1,2,No
EMP00132,82.5,7,3,1,Yes
EMP00133,91.2,9,1,3,No
EMP00134,90.2,8,5,4,No
EMP00135,82.3,12,4,1,No
EMP00136,80.8,19,2,3,No
EMP00137,92.6,22,3,1,Yes
EMP00138,75.7,19,2,4,No
EMP00139,86.9,2,5,3,No
EMP00140,92.3,5,4,2,No
EMP00141,86.0,8,1,3,No
EMP00142,98.0,18,1,2,No
EMP00143,81.2,16,1,2,No
EMP00144,81.7,6,4,1,No
EMP00145,86.4,27,5,5,Yes
EMP00146,79.4,11,4,1,No
EMP00147,92.6,16,3,4,No
EMP00148,97.4,1,4,1,No
EMP00149,99.3,28,2,3,No
EMP00150,95.3,3,5,2,No
EMP00151,85.0,10,2,1,Yes
EMP00152,78.6,30,2,1,No
EMP00153,96.0,15,5,4,No
EMP00154,79.1,19,2,3,No
EMP00155,97.3,25,2,4,Yes
EMP00156,83.5,2,4,5,No
EMP00157,77.7,23,5,2,No
EMP00158,88.5,14,5,2,No
EMP00159,89.1,29,5,3,No
EMP00160,93.2,13,4,3,Yes
EMP00161,91.0,8,2,2,No
EMP00162,91.7,4,4,2,No
EMP00163,78.6,5,3,3,No
EMP00164,75.3,30,4,5,No
EMP00165,92.1,0,1,5,No
EMP00166,78.5,20,2,3,No
EMP00167,81.1,12,5,3,No
EMP00168,99.4,10,3,1,No
EMP00169,82.7,1,5,1,No
EMP00170,98.9,16,1,3,No
EMP00171,87.7,20,1,5,No
EMP00172,93.8,11,1,5,No
EMP00173,75.6,8,5,3,No
EMP00174,81.2,15,1,3,No
EMP00175,80.7,3,5,3,No
EMP00176,95.9,17,4,1,No
EMP00177,98.0,11,5,1,No
EMP00178,93.7,19,4,4,No
EMP00179,83.0,29,3,4,No
EMP00180,83.3,25,4,4,Yes
EMP00181,87.2,13,3,3,No
EMP00182,80.7,13,3,3,No
EMP00183,92.1,12,1,2,No
EMP00184,90.1,29,4,1,No
EMP00185,97.8,8,5,4,No
EMP00186,86.9,15,5,5,Yes
EMP00187,77.6,12,4,4,No
EMP00188,80.7,17,4,1,No
EMP00189,91.2,16,5,5,No
EMP00190,98.8,7,3,2,No
EMP00191,94.6,19,1,4,Yes
EMP00192,92.3,22,2,2,No
EMP00193,97.8,9,5,1,No
EMP00194,90.7,25,2,1,No
EMP00195,91.8,12,4,5,No
EMP00196,88.6,14,5,4,No
EMP00197,83.0,30,1,2,No
EMP00198,79.7,22,5,2,No
EMP00199,91.6,15,1,3,No
EMP00200,82.8,12,5,4,No
EMP00201,84.7,16,5,4,Yes
EMP00202,98.4,9,4,4,No
EMP00203,84.8,9,3,1,No
EMP00204,87.2,24,1,4,No
EMP00205,96.7,7,1,3,No
EMP00206,93.6,26,4,1,Yes
EMP00207,97.4,24,3,3,No
EMP00208,89.0,19,4,4,No
EMP00209,99.3,12,4,3,No
EMP00210,86.2,0,2,2,No
EMP00211,89.3,1,4,3,No
EMP00212,89.7,25,1,1,Yes
EMP00213,88.3,10,5,2,No
EMP00214,85.1,23,3,2,No
EMP00215,78.6,25,2,4,No
EMP00216,86.2,29,1,2,No
EMP00217,88.8,2,3,2,No
EMP00218,82.0,23,4,3,No
EMP00219,86.2,20,1,3,No
EMP00220,75.3,6,4,1,No
EMP00221,83.8,8,3,2,No
EMP00222,75.5,0,4,2,No
EMP00223,98.2,11,2,5,No
EMP00224,95.3,11,4,4,No
EMP00225,86.5,8,4,1,No
EMP00226,87.3,28,3,2,No
EMP00227,85.0,25,1,1,No
EMP00228,88.5,19,1,2,Yes
EMP00229,95.3,9,3,3,No
EMP00230,76.6,10,3,3,Yes
EMP00231,83.2,7,1,2,No
EMP00232,86.8,11,1,5,No
EMP00233,77.7,14,1,3,No
EMP00234,89.9,2,2,4,No
EMP00235,76.7,7,1,5,No
EMP00236,89.8,4,4,2,No
EMP00237,97.5,13,5,3,No
EMP00238,95.3,27,3,1,No
EMP00239,97.4,11,3,1,Yes
EMP00240,89.6,23,5,3,No
EMP00241,97.6,25,3,2,No
EMP00242,88.1,29,2,5,No
EMP00243,78.1,30,3,1,No
EMP00244,90.4,14,4,3,No
EMP00245,84.3,14,5,5,No
EMP00246,93.2,18,4,3,No
EMP00247,95.1,14,1,4,No
EMP00248,92.7,7,3,5,No
EMP00249,83.3,3,4,4,No
EMP00250,100.0,10,3,1,No
EMP00251,81.3,29,3,2,No
EMP00252,84.8,8,3,3,No
EMP00253,81.6,26,1,5,No
EMP00254,95.3,5,5,5,No
EMP00255,97.5,27,2,1,No
EMP00256,95.7,2,1,1,Yes
EMP00257,98.7,27,3,2,No
EMP00258,79.3,20,1,5,No
EMP00259,95.0,9,2,3,No
EMP00260,95.5,24,3,1,No
EMP00261,98.1,17,5,1,No
EMP00262,77.7,1,5,4,No
EMP00263,98.6,26,1,4,No
EMP00264,98.6,7,5,2,No
EMP00265,95.1,23,4,5,No
EMP00266,75.7,1,4,4,No
EMP00267,85.5,15,4,3,No
EMP00268,88.3,1,5,4,No
EMP00269,92.8,23,3,3,No
EMP00270,75.4,11,5,5,Yes
EMP00271,88.1,29,2,2,No
EMP00272,91.1,9,3,3,No
EMP00273,97.6,2,1,4,Yes
EMP00274,84.7,29,3,1,No
EMP00275,96.2,6,5,5,No
EMP00276,89.6,28,2,5,No
EMP00277,84.1,13,1,2,No
EMP00278,79.3,6,2,3,No
EMP00279,93.3,11,1,4,No
EMP00280,86.4,25,4,2,No
EMP00281,81.8,23,3,2,No
EMP00282,93.7,24,5,5,No
EMP00283,88.1,5,1,5,No
EMP00284,90.2,8,2,1,No
EMP00285,83.7,26,3,1,No
EMP00286,83.5,16,3,4,Yes
EMP00287,80.2,19,2,3,No
EMP00288,91.9,13,2,3,No
EMP00289,97.8,8,1,3,No
EMP00290,93.8,20,4,4,No
EMP00291,88.9,12,1,2,No
EMP00292,85.3,8,3,3,No
EMP00293,94.3,23,3,3,No
EMP00294,79.4,20,2,2,No
EMP00295,76.8,7,5,2,No
EMP00296,75.9,28,5,4,No
EMP00297,90.9,18,3,3,No
EMP00298,81.9,9,1,3,No
EMP00299,85.1,23,4,4,No
EMP00300,85.8,21,1,4,No
EMP00301,75.5,3,2,2,No
EMP00302,78.7,29,5,2,No
EMP00303,93.3,5,2,4,Yes
EMP00304,90.0,21,4,1,No
EMP00305,95.2,26,4,5,No
EMP00306,99.0,13,1,5,No
EMP00307,82.5,2,4,2,No
EMP00308,85.8,7,4,1,No
EMP00309,76.9,12,5,1,No
EMP00310,95.7,19,3,2,No
EMP00311,82.4,20,1,3,Yes
EMP00312,97.2,6,4,2,Yes
EMP00313,97.6,10,2,2,No
EMP00314,78.3,9,1,1,Yes
EMP00315,77.4,21,4,5,No
EMP00316,90.1,7,4,2,No
EMP00317,96.2,28,4,4,No
EMP00318,95.6,30,3,2,No
EMP00319,75.6,15,4,1,No
EMP00320,92.9,11,5,1,No
EMP00321,85.8,9,1,3,No
EMP00322,76.0,26,5,4,No
EMP00323,84.1,22,5,1,No
EMP00324,91.4,25,4,1,No
EMP00325,75.9,6,2,4,No
EMP00326,89.0,0,4,5,No
EMP00327,83.6,4,3,2,No
EMP00328,77.7,18,2,3,No
EMP00329,83.2,27,5,4,No
EMP00330,94.3,17,4,1,No
EMP00331,87.6,28,3,4,No
EMP00332,90.7,5,1,3,No
EMP00333,86.0,16,3,5,No
EMP00334,89.8,24,3,4,No
EMP00335,91.4,7,3,1,No
EMP00336,91.5,30,2,2,No
EMP00337,91.9,6,2,3,No
EMP00338,93.1,11,5,5,Yes
EMP00339,97.2,17,2,2,No
EMP00340,80.5,0,4,2,No
EMP00341,80.1,15,1,3,No
EMP00342,87.3,21,5,1,No
EMP00343,93.2,21,4,4,No
EMP00344,81.3,12,2,1,No
EMP00345,93.6,18,4,5,No
EMP00346,89.3,17,1,5,No
EMP00347,87.1,15,5,1,No
EMP00348,89.5,0,4,1,No
EMP00349,95.8,24,4,3,No
EMP00350,82.8,15,5,1,No
EMP00351,79.0,20,1,2,No
EMP00352,89.9,30,5,5,No
EMP00353,98.9,5,3,2,No
EMP00354,81.4,1,3,3,Yes
EMP00355,98.5,4,3,3,No
EMP00356,77.8,3,4,1,No
EMP00357,81.2,25,2,5,No
EMP00358,81.2,21,2,5,No
EMP00359,93.2,1,4,4,No
EMP00360,76.9,15,4,4,No
EMP00361,76.2,6,1,2,No
EMP00362,75.2,5,2,5,No
EMP00363,93.4,21,2,1,No
EMP00364,76.5,29,3,1,No
EMP00365,84.1,13,3,1,No
EMP00366,76.3,3,5,5,No
EMP00367,83.5,9,5,5,No
EMP00368,90.5,11,4,4,Yes
EMP00369,81.4,30,5,1,Yes
EMP00370,96.2,27,1,2,No
EMP00371,82.2,10,3,2,No
EMP00372,88.1,29,1,4,No
EMP00373,92.6,11,3,3,No
EMP00374,81.4,16,2,2,No
EMP00375,83.1,18,5,4,No
EMP00376,89.0,18,5,4,No
EMP00377,96.4,22,1,1,No
EMP00378,84.9,27,2,3,No
EMP00379,89.5,0,3,4,No
EMP00380,87.7,0,3,3,No
EMP00381,79.8,7,3,3,No
EMP00382,77.3,9,2,2,No
EMP00383,93.2,30,2,1,No
EMP00384,93.8,3,5,1,No
EMP00385,78.8,28,5,1,No
EMP00386,97.4,13,1,4,No
EMP00387,91.6,8,5,2,No
EMP00388,89.6,2,1,3,No
EMP00389,92.2,18,2,4,No
EMP00390,83.8,15,2,3,No
EMP00391,75.4,9,4,2,Yes
EMP00392,89.1,11,5,4,Yes
EMP00393,92.1,18,5,5,No
EMP00394,84.5,1,4,2,Yes
EMP00395,76.0,19,3,4,Yes
EMP00396,98.9,16,2,4,No
EMP00397,87.3,1,4,4,No
EMP00398,96.4,8,3,4,No
EMP00399,92.6,3,1,5,Yes
EMP00400,99.4,25,4,2,Yes
EMP00401,84.9,29,4,3,No
EMP00402,99.3,28,2,5,No
EMP00403,86.2,13,4,5,No
EMP00404,99.8,7,2,2,No
EMP00405,96.6,11,3,4,No
EMP00406,76.0,8,4,5,No
EMP00407,81.2,11,4,1,No
EMP00408,87.1,11,1,2,No
EMP00409,94.1,28,5,2,No
EMP00410,76.4,9,3,1,No
EMP00411,84.3,28,1,1,No
EMP00412,88.1,9,1,2,No
EMP00413,84.3,4,4,3,No
EMP00414,79.2,5,3,4,Yes
EMP00415,92.8,28,3,5,No
EMP00416,95.5,13,4,1,Yes
EMP00417,97.3,4,3,3,No
EMP00418,86.5,28,2,5,No
EMP00419,80.2,30,2,4,No
EMP00420,95.2,10,3,4,Yes
EMP00421,97.4,0,3,1,No
EMP00422,98.9,10,2,3,No
EMP00423,86.4,26,2,3,No
EMP00424,75.2,13,3,2,No
EMP00425,92.0,23,2,1,No
EMP00426,93.5,29,4,1,No
EMP00427,90.8,8,5,1,No
EMP00428,80.0,2,1,4,No
EMP00429,92.9,29,3,4,Yes
EMP00430,94.8,22,4,4,No
EMP00431,84.7,23,5,4,No
EMP00432,97.7,30,4,4,No
EMP00433,94.0,10,2,2,No
EMP00434,81.9,11,4,4,Yes
EMP00435,76.1,18,4,3,No
EMP00436,82.6,16,3,5,No
EMP00437,92.3,18,4,3,No
EMP00438,95.5,15,4,4,Yes
EMP00439,77.1,7,2,4,No
EMP00440,86.2,17,5,4,Yes
EMP00441,80.2,27,4,5,No
EMP00442,86.4,4,4,4,No
EMP00443,87.3,30,1,3,No
EMP00444,81.5,23,5,2,No
EMP00445,75.7,2,4,3,Yes
EMP00446,99.4,26,5,5,No
EMP00447,87.4,5,3,1,No
EMP00448,97.1,12,4,2,No
EMP00449,86.9,28,1,1,No
EMP00450,84.9,30,1,5,No
EMP00451,91.5,30,3,3,Yes
EMP00452,90.3,30,2,5,No
EMP00453,97.0,17,4,5,No
EMP00454,75.8,26,4,3,No
EMP00455,91.2,29,2,4,No
EMP00456,75.8,18,4,2,No
EMP00457,94.0,4,3,2,No
EMP00458,80.2,25,4,3,No
EMP00459,95.2,8,4,5,No
EMP00460,85.6,23,1,5,No
EMP00461,98.2,1,4,5,No
EMP00462,93.3,16,4,4,No
EMP00463,98.6,10,5,3,No
EMP00464,91.6,3,5,5,No
EMP00465,92.2,22,4,4,No
EMP00466,78.0,4,4,2,No
EMP00467,79.3,12,1,3,No
EMP00468,95.5,23,5,4,No
EMP00469,77.1,25,2,5,No
EMP00470,93.8,2,1,3,Yes
EMP00471,91.2,22,4,4,No
EMP00472,92.8,6,2,4,No
EMP00473,76.4,11,1,1,No
EMP00474,89.8,10,3,4,No
EMP00475,79.4,17,3,3,No
EMP00476,89.8,7,5,3,No
EMP00477,91.0,9,1,5,No
EMP00478,86.7,17,4,5,No
EMP00479,81.1,28,4,5,Yes
EMP00480,80.5,29,2,3,No
EMP00481,80.0,18,3,4,No
EMP00482,96.3,29,1,2,No
EMP00483,91.8,25,2,4,No
EMP00484,80.4,4,5,3,No
EMP00485,100.0,30,5,4,No
EMP00486,96.3,14,1,3,No
EMP00487,75.8,21,4,3,No
EMP00488,82.6,14,4,2,No
EMP00489,77.8,22,5,5,No
EMP00490,93.1,25,5,4,No
EMP00491,88.9,23,3,4,No
EMP00492,87.4,6,5,2,No
EMP00493,96.8,4,2,2,No
EMP00494,80.2,3,4,3,Yes
EMP00495,95.5,1,2,3,Yes
EMP00496,95.1,1,1,1,No
EMP00497,85.8,13,3,3,No
EMP00498,85.0,4,5,3,No
EMP00499,75.7,14,4,1,No
EMP00500,76.7,11,5,4,Yes
EMP00501,83.5,7,2,4,Yes
EMP00502,99.8,11,1,2,No
EMP00503,90.7,23,4,4,Yes
EMP00504,83.9,0,5,1,No
EMP00505,99.3,20,5,3,No
EMP00506,92.3,28,4,1,No
EMP00507,95.4,16,2,2,No
EMP00508,88.3,3,3,1,No
EMP00509,85.5,28,5,4,No
EMP00510,82.4,10,1,5,No
EMP00511,89.8,2,1,3,No
EMP00512,92.0,13,2,1,No
EMP00513,100.0,25,5,3,No
EMP00514,96.0,14,5,2,No
EMP00515,93.1,24,3,5,No
EMP00516,94.3,18,3,5,No
EMP00517,85.2,7,1,4,No
EMP00518,77.1,24,2,5,No
EMP00519,76.0,25,1,2,No
EMP00520,87.5,2,3,1,No
EMP00521,76.6,8,5,3,Yes
EMP00522,83.5,27,1,5,No
EMP00523,97.7,5,1,2,No
EMP00524,93.5,8,2,2,No
EMP00525,93.3,15,3,3,Yes
EMP00526,84.3,12,3,2,No
EMP00527,97.8,18,5,1,No
EMP00528,83.8,29,4,1,Yes
EMP00529,82.6,0,4,3,No
EMP00530,93.5,30,5,5,No
EMP00531,79.0,30,2,4,No
EMP00532,96.8,1,1,1,No
EMP00533,75.0,6,1,1,No
EMP00534,92.4,17,3,4,Yes
EMP00535,95.6,12,2,4,No
EMP00536,88.3,17,3,3,No
EMP00537,89.5,15,4,3,No
EMP00538,96.0,3,5,4,No
EMP00539,76.4,7,1,2,No
EMP00540,93.6,2,5,5,No
EMP00541,91.6,14,2,2,No
EMP00542,95.9,26,4,5,No
EMP00543,88.5,1,3,1,No
EMP00544,77.8,27,5,1,No
EMP00545,96.4,20,3,3,No
EMP00546,86.9,5,2,5,Yes
EMP00547,90.0,13,5,3,No
EMP00548,94.7,22,2,4,Yes
EMP00549,94.7,29,1,1,No
EMP00550,81.3,12,5,1,No
EMP00551,87.0,10,5,3,No
EMP00552,91.7,15,1,4,No
EMP00553,87.9,26,5,5,No
EMP00554,91.1,26,2,4,No
EMP00555,85.5,22,2,5,No
EMP00556,97.5,21,3,4,No
EMP00557,77.8,25,1,3,Yes
EMP00558,94.0,26,2,5,No
EMP00559,92.6,9,3,3,No
EMP00560,89.0,19,2,2,No
EMP00561,80.2,9,2,5,No
EMP00562,81.3,30,2,5,No
EMP00563,91.5,25,1,5,No
EMP00564,89.2,14,4,5,No
EMP00565,76.6,17,4,3,No
EMP00566,86.5,7,4,5,No
EMP00567,86.7,3,2,2,No
EMP00568,99.3,29,4,3,No
EMP00569,80.4,10,2,3,No
EMP00570,82.4,19,5,1,No
EMP00571,75.4,24,3,3,No
EMP00572,85.8,23,4,5,No
EMP00573,79.6,13,5,1,No
EMP00574,95.4,25,1,3,No
EMP00575,81.4,22,4,3,No
EMP00576,78.0,6,3,5,No
EMP00577,96.4,19,2,3,No
EMP00578,89.8,19,2,1,No
EMP00579,92.4,12,2,4,No
EMP00580,97.4,25,2,5,Yes
EMP00581,85.0,5,2,3,No
EMP00582,87.2,3,2,2,No
EMP00583,95.1,15,1,2,Yes
EMP00584,97.0,2,3,4,No
EMP00585,99.5,17,2,4,No
EMP00586,77.3,28,1,3,No
EMP00587,75.1,13,1,2,No
EMP00588,95.7,16,2,5,No
EMP00589,76.8,4,4,3,No
EMP00590,81.1,23,5,2,No
EMP00591,75.4,8,2,4,No
EMP00592,77.1,24,5,4,Yes
EMP00593,78.6,11,4,5,No
EMP00594,89.5,1,3,4,Yes
EMP00595,93.4,27,2,3,No
EMP00596,97.7,9,5,1,Yes
EMP00597,95.0,22,4,4,No
EMP00598,78.2,20,3,3,No
EMP00599,76.4,6,1,5,No
EMP00600,89.5,29,4,4,No
EMP00601,93.7,15,1,2,No
EMP00602,83.8,4,5,4,No
EMP00603,79.6,1,1,5,No
EMP00604,100.0,24,2,5,No
EMP00605,92.4,19,2,4,No
EMP00606,81.0,22,5,2,No
EMP00607,76.6,2,5,5,No
EMP00608,78.2,30,2,1,No
EMP00609,97.6,21,4,3,No
EMP00610,90.8,27,2,3,Yes
EMP00611,79.4,0,2,5,No
EMP00612,95.6,19,3,3,No
EMP00613,97.5,21,3,4,No
EMP00614,82.8,10,3,2,No
EMP00615,87.5,26,3,3,No
EMP00616,97.5,25,2,5,No
EMP00617,94.7,5,3,4,No
EMP00618,84.8,6,5,4,No
EMP00619,96.7,15,5,5,No
EMP00620,77.4,3,5,2,No
EMP00621,90.6,29,5,2,No
EMP00622,98.0,26,3,4,No
EMP00623,90.3,30,5,2,No
EMP00624,89.0,12,4,2,No
EMP00625,87.6,24,5,3,No
EMP00626,96.5,14,5,1,No
EMP00627,90.8,14,1,5,No
EMP00628,76.9,1,2,5,No
EMP00629,80.3,6,3,5,Yes
EMP00630,89.6,22,1,3,Yes
EMP00631,85.0,13,3,4,No
EMP00632,90.4,26,5,2,No
EMP00633,84.5,7,5,5,No
EMP00634,95.7,8,4,3,No
EMP00635,90.4,14,3,3,No
EMP00636,92.4,4,5,1,No
EMP00637,84.9,5,2,2,No
EMP00638,89.4,21,1,4,No
EMP00639,77.8,5,4,5,No
EMP00640,92.6,27,3,5,No
EMP00641,96.9,9,4,4,No
EMP00642,78.1,17,1,4,No
EMP00643,77.1,28,5,5,No
EMP00644,98.4,29,4,4,No
EMP00645,94.3,21,4,2,No
EMP00646,87.1,2,1,2,No
EMP00647,79.1,16,1,5,No
EMP00648,88.4,16,5,1,Yes
EMP00649,84.7,5,3,2,No
EMP00650,94.7,3,1,2,No
EMP00651,77.0,3,1,4,No
EMP00652,87.2,13,3,5,No
EMP00653,95.6,1,4,4,No
EMP00654,96.5,22,5,3,No
EMP00655,82.6,25,1,5,No
EMP00656,76.0,0,3,2,No
EMP00657,93.9,12,5,5,No
EMP00658,80.0,18,4,5,No
EMP00659,83.5,18,2,5,No
EMP00660,99.9,12,1,2,No
EMP00661,77.7,10,2,4,No
EMP00662,96.5,24,1,2,No
EMP00663,96.8,1,3,5,Yes
EMP00664,99.7,19,5,1,No
EMP00665,84.3,26,1,5,No
EMP00666,77.9,15,3,5,No
EMP00667,94.8,19,3,5,No
EMP00668,94.3,7,4,1,No
EMP00669,84.4,30,4,4,No
EMP00670,87.9,17,4,2,No
EMP00671,90.7,20,3,4,No
EMP00672,97.5,6,3,3,Yes
EMP00673,83.8,9,3,5,No
EMP00674,90.9,15,5,2,No
EMP00675,76.4,7,3,3,No
EMP00676,87.2,19,2,5,No
EMP00677,96.1,14,5,3,No
EMP00678,98.7,7,2,5,Yes
EMP00679,77.4,11,1,2,Yes
EMP00680,89.9,27,1,1,No
EMP00681,77.4,1,1,2,No
EMP00682,96.2,10,5,2,No
EMP00683,81.5,23,2,5,No
EMP00684,90.9,28,4,5,No
EMP00685,97.2,28,3,4,Yes
EMP00686,98.3,21,3,1,Yes
EMP00687,75.3,11,5,4,No
EMP00688,80.2,6,2,5,No
EMP00689,90.9,5,5,4,No
EMP00690,85.0,2,3,5,Yes
EMP00691,84.0,27,1,3,No
EMP00692,75.1,18,4,2,No
EMP00693,91.6,20,3,4,Yes
EMP00694,95.4,0,2,2,Yes
EMP00695,75.9,11,3,4,No
EMP00696,83.9,11,5,5,No
EMP00697,85.4,24,1,5,No
EMP00698,89.6,12,5,2,No
EMP00699,75.1,17,2,4,No
EMP00700,84.7,27,2,3,No
EMP00701,79.9,0,5,3,No
EMP00702,77.0,23,4,4,No
EMP00703,97.5,9,5,3,Yes
EMP00704,77.9,27,4,1,No
EMP00705,95.0,4,2,4,No
EMP00706,87.8,0,1,4,No
EMP00707,93.4,1,3,5,Yes
EMP00708,76.5,13,5,5,No
EMP00709,89.1,20,4,1,No
EMP00710,95.0,26,5,5,No
EMP00711,85.0,14,2,5,No
EMP00712,78.8,9,4,5,No
EMP00713,94.0,7,2,5,No
EMP00714,84.2,13,1,2,No
EMP00715,91.2,29,5,2,Yes
EMP00716,80.0,26,5,4,Yes
EMP00717,90.3,5,5,3,No
EMP00718,94.2,21,4,3,No
EMP00719,85.8,21,1,5,No
EMP00720,87.1,13,2,2,No
EMP00721,78.0,30,3,1,No
EMP00722,78.8,27,1,4,Yes
EMP00723,94.7,24,2,4,No
EMP00724,99.1,8,4,3,No
EMP00725,94.7,29,3,4,No
EMP00726,96.6,25,5,5,No
EMP00727,78.4,18,2,3,No
EMP00728,96.5,9,1,3,No
EMP00729,81.3,26,1,3,No
EMP00730,96.0,8,5,2,No
EMP00731,90.5,10,3,5,Yes
EMP00732,82.2,26,5,1,No
EMP00733,96.8,13,4,4,No
EMP00734,87.5,11,4,5,No
EMP00735,80.9,2,2,2,No
EMP00736,84.0,24,5,5,No
EMP00737,76.7,22,2,3,No
EMP00738,82.7,9,3,1,No
EMP00739,88.9,19,4,5,Yes
EMP00740,93.6,6,5,5,No
EMP00741,92.3,23,4,2,No
EMP00742,96.6,6,3,4,No
EMP00743,96.7,21,1,5,Yes
EMP00744,91.8,7,4,4,Yes
EMP00745,86.3,16,3,4,No
EMP00746,75.9,16,1,3,No
EMP00747,99.8,9,4,4,Yes
EMP00748,84.0,10,4,5,No
EMP00749,95.9,18,5,5,No
EMP00750,81.3,13,1,2,No
EMP00751,97.1,1,1,3,Yes
EMP00752,78.8,27,4,5,Yes
EMP00753,86.9,7,4,1,No
EMP00754,82.9,16,4,4,No
EMP00755,97.6,0,1,1,No
EMP00756,78.8,3,3,1,No
EMP00757,77.3,25,2,4,No
EMP00758,84.7,27,5,2,No
EMP00759,92.1,11,2,1,No
EMP00760,79.7,22,5,2,Yes
EMP00761,99.1,12,1,2,No
EMP00762,86.2,24,2,1,No
EMP00763,88.3,18,2,4,No
EMP00764,97.2,30,2,5,No
EMP00765,92.0,16,1,3,No
EMP00766,96.6,29,3,1,No
EMP00767,79.5,30,3,4,No
EMP00768,94.4,30,5,4,No
EMP00769,89.3,17,3,4,No
EMP00770,87.6,17,4,1,No
EMP00771,75.9,6,4,2,No
EMP00772,83.5,12,1,3,No
EMP00773,85.6,19,1,4,No
EMP00774,96.9,9,5,4,No
EMP00775,94.3,17,2,4,No
EMP00776,83.9,23,2,2,No
EMP00777,94.3,3,2,1,Yes
EMP00778,83.5,13,2,2,No
EMP00779,91.2,7,3,2,Yes
EMP00780,90.4,9,5,1,No
EMP00781,94.3,20,4,5,No
EMP00782,87.2,27,5,1,No
EMP00783,82.0,17,4,3,No
EMP00784,97.7,12,4,2,No
EMP00785,85.9,3,5,5,No
EMP00786,97.8,15,2,1,No
EMP00787,98.7,4,1,2,No
EMP00788,78.4,5,3,1,Yes
EMP00789,88.9,15,5,4,No
EMP00790,95.0,10,1,3,No
EMP00791,85.0,20,4,3,No
EMP00792,81.1,19,3,4,No
EMP00793,77.6,24,3,5,Yes
EMP00794,90.5,10,5,5,No
EMP00795,97.7,6,1,2,No
EMP00796,84.4,26,1,4,No
EMP00797,98.1,23,3,1,Yes
EMP00798,81.2,27,3,3,No
EMP00799,85.7,26,1,5,No
EMP00800,96.8,29,3,1,No
EMP00801,81.9,3,1,4,No
EMP00802,75.8,10,3,4,Yes
EMP00803,93.3,16,2,1,No
EMP00804,91.3,19,5,4,No
EMP00805,98.0,14,3,1,No
EMP00806,83.9,6,4,2,No
EMP00807,80.3,9,2,4,No
EMP00808,97.5,13,3,5,No
EMP00809,82.5,10,1,5,No
EMP00810,94.4,26,3,4,No
EMP00811,88.9,23,4,5,No
EMP00812,93.8,5,3,3,No
EMP00813,77.5,7,4,5,No
EMP00814,96.3,9,1,3,No
EMP00815,98.7,13,4,1,No
EMP00816,83.5,7,4,4,No
EMP00817,91.2,20,3,4,No
EMP00818,83.4,0,1,3,No
EMP00819,90.8,15,4,1,No
EMP00820,93.6,15,5,5,No
EMP00821,95.4,30,5,4,No
EMP00822,89.8,14,3,2,No
EMP00823,96.1,24,3,4,No
EMP00824,89.7,27,1,3,No
EMP00825,83.2,11,4,5,No
EMP00826,81.3,13,3,2,No
EMP00827,98.3,18,2,4,No
EMP00828,80.4,2,4,5,No
EMP00829,87.9,3,2,3,No
EMP00830,97.9,11,2,1,No
EMP00831,86.4,27,4,1,No
EMP00832,84.0,13,3,3,No
EMP00833,96.9,29,2,3,No
EMP00834,76.8,2,3,2,No
EMP00835,86.1,7,1,5,No
EMP00836,99.1,26,2,3,Yes
EMP00837,88.2,30,3,5,No
EMP00838,76.9,12,1,1,No
EMP00839,83.8,8,4,4,No
EMP00840,91.0,17,3,4,No
EMP00841,82.5,18,3,3,Yes
EMP00842,97.4,11,3,2,No
EMP00843,83.3,23,1,5,No
EMP00844,96.9,19,2,3,No
EMP00845,76.3,1,3,1,No
EMP00846,79.3,30,4,4,Yes
EMP00847,98.9,20,1,5,No
EMP00848,79.2,13,3,4,No
EMP00849,93.0,22,5,1,No
EMP00850,88.7,5,4,4,No
EMP00851,80.0,15,5,3,No
EMP00852,75.8,14,2,1,No
EMP00853,98.1,0,2,1,No
EMP00854,90.0,18,2,4,No
EMP00855,76.6,5,5,3,No
EMP00856,79.2,6,5,4,No
EMP00857,97.8,25,2,1,No
EMP00858,76.9,16,1,3,No
EMP00859,79.8,18,5,5,Yes
EMP00860,86.2,4,1,1,No
EMP00861,84.1,27,4,2,No
EMP00862,90.2,2,3,1,No
EMP00863,85.5,30,5,3,No
EMP00864,93.6,21,5,5,No
EMP00865,91.7,18,1,5,Yes
EMP00866,82.3,23,3,5,No
EMP00867,76.5,29,3,2,No
EMP00868,88.9,22,5,4,No
EMP00869,87.1,18,1,3,No
EMP00870,76.3,9,1,3,No
EMP00871,94.7,13,3,2,No
EMP00872,89.3,7,3,4,No
EMP00873,90.5,27,4,1,No
EMP00874,89.7,12,1,2,No
EMP00875,84.6,26,1,1,No
EMP00876,78.9,10,4,4,No
EMP00877,92.5,24,4,5,No
EMP00878,98.3,0,5,3,No
EMP00879,82.4,7,5,3,No
EMP00880,93.5,12,2,4,No
EMP00881,98.9,4,3,3,No
EMP00882,97.7,12,2,3,No
EMP00883,94.0,12,2,4,No
EMP00884,90.3,24,5,5,No
EMP00885,99.4,24,2,3,No
EMP00886,97.2,30,3,2,No
EMP00887,85.3,0,2,2,No
EMP00888,92.3,16,5,2,No
EMP00889,99.7,20,2,3,No
EMP00890,80.9,23,3,4,No
EMP00891,93.1,22,5,4,No
EMP00892,78.1,7,2,4,Yes
EMP00893,97.1,29,3,4,Yes
EMP00894,75.6,18,2,1,No
EMP00895,80.7,27,1,5,No
EMP00896,79.7,1,1,1,No
EMP00897,93.2,0,3,3,No
EMP00898,92.4,3,5,5,No
EMP00899,99.7,29,1,1,No
EMP00900,80.5,2,3,5,No
EMP00901,85.8,11,5,3,No
EMP00902,79.9,19,2,4,No
EMP00903,99.0,26,2,5,Yes
EMP00904,77.5,18,5,3,No
EMP00905,92.0,15,3,3,No
EMP00906,78.9,11,5,2,No
EMP00907,95.0,28,5,1,No
EMP00908,76.0,6,3,5,Yes
EMP00909,88.0,3,1,3,No
EMP00910,86.2,23,5,3,No
EMP00911,90.0,17,5,5,Yes
EMP00912,76.7,6,1,1,No
EMP00913,83.6,19,5,1,No
EMP00914,95.8,8,2,3,No
EMP00915,77.2,8,1,1,Yes
EMP00916,97.9,30,1,5,Yes
EMP00917,90.6,24,3,2,No
EMP00918,97.1,12,2,2,No
EMP00919,94.0,29,2,1,No
EMP00920,80.2,23,2,2,No
EMP00921,80.3,17,4,4,No
EMP00922,85.7,24,5,3,No
EMP00923,82.9,18,3,2,No
EMP00924,99.0,0,3,2,No
EMP00925,97.1,20,5,4,No
EMP00926,89.2,0,5,5,No
EMP00927,92.2,19,2,5,No
EMP00928,83.9,28,2,4,No
EMP00929,80.1,12,4,3,No
EMP00930,83.7,29,4,4,Yes
EMP00931,95.4,3,3,4,No
EMP00932,86.3,21,5,2,No
EMP00933,77.3,25,5,2,No
EMP00934,87.9,5,2,4,No
EMP00935,83.1,4,1,5,No
EMP00936,92.9,0,3,1,No
EMP00937,92.4,0,4,4,No
EMP00938,86.7,11,1,1,No
EMP00939,92.3,8,3,3,No
EMP00940,96.3,16,5,4,No
EMP00941,81.9,13,1,5,Yes
EMP00942,87.4,20,2,1,No
EMP00943,75.7,5,3,3,No
EMP00944,83.3,26,3,1,No
EMP00945,86.4,19,5,4,Yes
EMP00946,91.5,5,4,1,No
EMP00947,83.3,20,5,3,No
EMP00948,87.9,30,3,2,No
EMP00949,80.7,19,4,4,No
EMP00950,83.1,18,2,1,No
EMP00951,99.4,11,1,4,No
EMP00952,99.4,3,1,1,No
EMP00953,88.4,21,1,4,No
EMP00954,93.0,5,5,1,No
EMP00955,78.2,28,5,2,No
EMP00956,99.8,14,3,3,No
EMP00957,90.4,9,3,5,No
EMP00958,96.7,11,3,1,No
EMP00959,87.0,5,3,2,No
EMP00960,86.4,21,5,2,No
EMP00961,96.9,26,2,4,No
EMP00962,99.8,21,1,2,No
EMP00963,79.8,9,3,1,No
EMP00964,89.9,8,2,2,Yes
EMP00965,82.2,13,4,2,No
EMP00966,86.1,8,4,2,No
EMP00967,97.9,30,2,3,No
EMP00968,81.7,27,2,1,No
EMP00969,79.8,2,5,3,No
EMP00970,88.6,20,3,4,No
EMP00971,75.1,3,3,5,No
EMP00972,97.6,12,1,1,No
EMP00973,89.3,23,2,2,No
EMP00974,83.2,20,3,4,No
EMP00975,99.9,24,4,3,No
EMP00976,92.8,10,4,5,No
EMP00977,92.5,10,1,2,No
EMP00978,90.0,2,2,5,No
EMP00979,86.7,16,4,2,No
EMP00980,85.2,4,5,4,No
EMP00981,84.1,23,3,1,No
EMP00982,90.6,4,1,2,No
EMP00983,95.6,0,1,3,No
EMP00984,79.4,24,1,3,No
EMP00985,75.0,9,5,3,No
EMP00986,99.5,7,4,5,No
EMP00987,79.8,26,5,5,No
EMP00988,79.0,5,1,3,No
EMP00989,97.0,21,3,4,No
EMP00990,88.7,4,2,4,No
EMP00991,87.8,11,1,4,No
EMP00992,79.9,10,1,4,No
EMP00993,87.5,4,3,4,No
EMP00994,86.1,12,3,5,No
EMP00995,87.6,28,5,1,No
EMP00996,76.0,13,3,2,No
EMP00997,77.9,27,2,4,No
EMP00998,95.8,24,1,5,Yes
EMP00999,95.2,24,3,4,No
EMP01000,76.6,23,4,4,No
EMP01001,94.4,13,2,3,No
EMP01002,92.3,20,3,2,No
EMP01003,88.5,15,3,3,Yes
EMP01004,99.8,26,3,4,No
EMP01005,94.6,2,5,3,No
EMP01006,76.4,16,2,4,No
EMP01007,88.5,20,4,1,Yes
EMP01008,83.2,27,1,2,No
EMP01009,82.6,20,1,4,No
EMP01010,90.5,20,4,5,No
EMP01011,78.7,0,2,3,No
EMP01012,85.5,0,1,5,Yes
EMP01013,80.1,1,1,4,No
EMP01014,92.0,11,1,3,Yes
EMP01015,98.6,27,2,4,No
EMP01016,80.1,14,5,4,No
EMP01017,78.0,9,2,4,No
EMP01018,90.0,18,3,4,No
EMP01019,91.9,30,5,5,No
EMP01020,85.0,19,2,2,Yes
EMP01021,97.2,26,5,1,No
EMP01022,92.8,12,5,4,Yes
EMP01023,82.3,0,1,5,No
EMP01024,92.6,3,3,3,No
EMP01025,96.4,12,2,1,No
EMP01026,75.6,25,2,4,No
EMP01027,91.8,7,4,1,No
EMP01028,97.0,0,4,4,No
EMP01029,83.5,9,1,1,No
EMP01030,89.5,19,3,1,No
EMP01031,87.1,1,1,1,No
EMP01032,77.5,24,2,3,No
EMP01033,86.9,26,4,5,Yes
EMP01034,99.6,16,3,2,No
EMP01035,88.9,23,5,5,No
EMP01036,76.5,28,2,4,No
EMP01037,76.9,11,2,3,No
EMP01038,79.6,13,4,3,No
EMP01039,79.6,9,5,4,No
EMP01040,75.5,19,3,1,No
EMP01041,88.3,18,2,3,No
EMP01042,80.4,21,3,4,Yes
EMP01043,95.0,13,4,1,No
EMP01044,86.9,29,2,3,No
EMP01045,88.6,23,4,3,No
EMP01046,88.8,22,1,4,No
EMP01047,77.6,17,5,5,No
EMP01048,75.8,6,2,3,No
EMP01049,91.2,17,2,4,Yes
EMP01050,88.8,18,1,3,No
EMP01051,95.6,28,3,5,Yes
EMP01052,84.1,2,1,5,No
EMP01053,95.7,10,5,2,No
EMP01054,91.3,13,3,3,No
EMP01055,81.9,17,3,3,No
EMP01056,77.9,1,4,4,No
EMP01057,80.8,0,2,2,No
EMP01058,77.7,6,2,4,No
EMP01059,82.6,29,3,5,No
EMP01060,86.0,17,2,1,No
EMP01061,91.4,29,2,3,No
EMP01062,90.0,13,2,2,No
EMP01063,91.7,5,1,3,No
EMP01064,86.6,25,5,2,Yes
EMP01065,99.0,22,5,4,No
EMP01066,82.9,6,5,3,No
EMP01067,78.4,13,3,5,No
EMP01068,84.9,23,1,3,No
EMP01069,83.2,16,3,3,No
EMP01070,78.9,24,4,3,Yes
EMP01071,89.2,4,5,4,No
EMP01072,85.7,3,3,4,No
EMP01073,95.8,18,2,3,No
EMP01074,94.2,28,4,2,No
EMP01075,97.2,0,2,5,No
EMP01076,81.3,22,2,2,No
EMP01077,89.7,1,5,2,Yes
EMP01078,86.3,19,3,3,No
EMP01079,94.2,22,3,2,No
EMP01080,88.6,3,2,2,No
EMP01081,98.1,10,3,3,No
EMP01082,90.4,3,4,4,No
EMP01083,89.0,24,5,5,No
EMP01084,91.9,27,1,4,No
EMP01085,81.5,23,5,1,No
EMP01086,76.6,11,5,3,No
EMP01087,94.9,7,4,4,No
EMP01088,75.4,23,3,3,No
EMP01089,76.7,25,2,5,Yes
EMP01090,82.3,3,1,1,No
EMP01091,99.5,15,5,1,No
EMP01092,78.6,10,3,2,Yes
EMP01093,83.6,20,3,2,No
EMP01094,94.4,10,3,3,No
EMP01095,81.0,4,3,5,No
EMP01096,89.9,3,1,4,No
EMP01097,88.9,1,5,1,No
EMP01098,82.7,20,4,3,No
EMP01099,93.5,4,2,4,No
EMP01100,92.2,8,5,1,No
EMP01101,92.0,15,2,4,No
EMP01102,90.1,15,4,1,No
EMP01103,86.4,13,4,4,No
EMP01104,81.8,27,5,1,Yes
EMP01105,76.4,19,1,3,Yes
EMP01106,95.6,9,3,2,No
EMP01107,76.0,10,5,2,No
EMP01108,96.2,0,3,5,No
EMP01109,87.7,24,2,4,Yes
EMP01110,80.7,20,1,5,No
EMP01111,87.7,12,3,4,No
EMP01112,76.4,8,5,4,No
EMP01113,86.1,11,1,4,No
EMP01114,83.2,13,5,5,No
EMP01115,99.6,18,5,4,Yes
EMP01116,81.0,11,5,1,No
EMP01117,81.1,15,3,2,No
EMP01118,84.3,11,1,2,No
EMP01119,83.3,10,2,2,No
EMP01120,93.9,0,1,5,No
EMP01121,87.6,28,2,2,No
EMP01122,97.9,21,4,3,No
EMP01123,92.8,21,3,5,No
EMP01124,85.8,17,5,3,Yes
EMP01125,94.5,16,5,1,No
EMP01126,97.6,19,2,4,No
EMP01127,85.6,13,5,5,No
EMP01128,84.8,3,3,2,Yes
EMP01129,79.6,26,4,5,No
EMP01130,78.7,29,5,1,No
EMP01131,76.9,4,4,2,No
EMP01132,87.7,12,4,2,No
EMP01133,94.0,0,5,4,Yes
EMP01134,77.3,11,3,3,No
EMP01135,95.7,18,3,4,Yes
EMP01136,90.8,19,3,5,No
EMP01137,90.6,21,4,4,No
EMP01138,96.6,30,4,4,No
EMP01139,89.4,29,1,5,No
EMP01140,80.4,7,4,5,No
EMP01141,95.7,29,2,3,No
EMP01142,92.8,8,5,4,No
EMP01143,78.8,16,5,3,No
EMP01144,79.0,24,5,1,No
EMP01145,95.1,24,2,3,Yes
EMP01146,94.1,20,2,5,No
EMP01147,87.2,19,3,2,No
EMP01148,95.6,4,2,4,Yes
EMP01149,92.8,17,4,5,No
EMP01150,77.6,20,4,4,No
EMP01151,89.8,13,3,2,No
EMP01152,85.2,13,4,5,No
EMP01153,85.0,11,1,3,No
EMP01154,89.2,23,5,2,No
EMP01155,78.6,9,3,3,Yes
EMP01156,89.2,13,3,1,No
EMP01157,80.9,8,1,4,No
EMP01158,79.6,8,1,4,No
EMP01159,88.5,0,4,1,No
EMP01160,91.8,17,3,3,Yes
EMP01161,95.2,1,3,5,No
EMP01162,87.9,1,4,5,No
EMP01163,76.3,27,4,1,No
EMP01164,99.0,24,5,2,No
EMP01165,85.2,14,4,3,No
EMP01166,99.8,27,1,5,No
EMP01167,95.6,30,2,5,No
EMP01168,81.6,13,1,3,No
EMP01169,99.7,24,2,4,No
EMP01170,89.5,9,5,2,No
EMP01171,86.7,30,3,3,No
EMP01172,83.7,15,2,1,No
EMP01173,91.7,16,1,2,No
EMP01174,75.1,26,3,3,No
EMP01175,85.2,15,1,3,Yes
EMP01176,98.1,27,5,3,No
EMP01177,95.2,6,1,3,No
EMP01178,89.5,28,1,2,No
EMP01179,93.7,3,5,1,No
EMP01180,78.7,14,1,5,No
EMP01181,89.6,25,3,3,Yes
EMP01182,96.3,30,2,4,Yes
EMP01183,91.4,29,5,4,No
EMP01184,75.5,22,1,4,No
EMP01185,91.4,14,5,1,No
EMP01186,95.7,26,2,5,No
EMP01187,99.5,29,2,1,No
EMP01188,82.5,20,4,3,No
EMP01189,98.7,14,2,4,No
EMP01190,94.2,22,2,1,No
EMP01191,85.0,22,5,5,No
EMP01192,88.0,2,3,4,No
EMP01193,99.3,27,3,2,No
EMP01194,80.2,0,1,4,No
EMP01195,75.5,1,5,1,Yes
EMP01196,89.1,25,2,1,Yes
EMP01197,84.4,27,3,2,No
EMP01198,86.3,10,2,2,No
EMP01199,86.9,16,5,1,No
EMP01200,79.6,2,5,1,No
EMP01201,93.2,27,1,3,No
EMP01202,86.8,26,2,2,No
EMP01203,87.0,1,3,5,No
EMP01204,86.1,9,4,2,No
EMP01205,89.6,20,5,3,No
EMP01206,97.9,1,5,3,No
EMP01207,76.0,25,1,4,No
EMP01208,80.5,9,4,5,No
EMP01209,94.6,21,1,4,No
EMP01210,81.5,22,4,3,Yes
EMP01211,82.5,30,1,4,No
EMP01212,98.2,23,3,5,No
EMP01213,95.7,4,1,1,No
EMP01214,80.3,6,4,5,No
EMP01215,76.9,19,4,2,No
EMP01216,98.0,1,1,4,No
EMP01217,96.4,16,3,2,No
EMP01218,98.1,5,3,1,No
EMP01219,91.6,9,4,4,No
EMP01220,94.2,16,3,1,No
EMP01221,87.5,1,4,3,No
EMP01222,80.6,18,4,4,No
EMP01223,94.6,24,5,3,No
EMP01224,78.5,23,5,4,No
EMP01225,97.9,21,2,5,No
EMP01226,82.6,7,4,2,No
EMP01227,81.4,3,4,1,Yes
EMP01228,91.7,1,5,2,No
EMP01229,88.0,29,4,3,No
EMP01230,85.9,3,2,2,Yes
EMP01231,77.7,30,4,4,No
EMP01232,84.4,10,2,3,No
EMP01233,83.3,7,3,2,No
EMP01234,89.5,0,2,4,No
EMP01235,96.7,17,4,5,No
EMP01236,97.4,2,5,5,Yes
EMP01237,78.5,2,4,5,No
EMP01238,83.5,21,2,2,No
EMP01239,77.3,23,4,4,No
EMP01240,96.4,21,1,4,No
EMP01241,84.4,9,4,2,No
EMP01242,96.1,4,3,3,No
EMP01243,92.5,19,2,5,No
EMP01244,80.1,28,2,3,No
EMP01245,82.0,21,3,1,No
EMP01246,94.5,14,3,2,No
EMP01247,89.9,27,2,4,No
EMP01248,87.0,11,1,1,No
EMP01249,96.6,29,3,2,No
EMP01250,87.3,9,5,2,No
EMP01251,75.0,7,2,1,No
EMP01252,89.4,29,4,4,No
EMP01253,86.0,11,4,5,No
EMP01254,79.8,21,3,2,No
EMP01255,79.7,15,2,5,No
EMP01256,82.8,3,5,1,No
EMP01257,95.7,11,3,1,No
EMP01258,85.0,2,2,2,No
EMP01259,76.0,13,1,5,No
EMP01260,98.0,9,2,3,No
EMP01261,84.0,16,3,5,No
EMP01262,76.7,20,5,5,No
EMP01263,90.9,21,4,4,No
EMP01264,96.9,29,3,4,No
EMP01265,97.3,11,3,3,Yes
EMP01266,80.6,5,1,2,No
EMP01267,98.3,27,2,1,No
EMP01268,92.9,22,5,2,No
EMP01269,76.7,8,4,5,No
EMP01270,81.7,15,1,4,No
EMP01271,98.2,6,3,3,Yes
EMP01272,75.4,12,2,4,No
EMP01273,82.2,22,3,3,No
EMP01274,93.8,26,3,4,No
EMP01275,98.5,14,2,5,No
EMP01276,85.0,2,3,2,No
EMP01277,88.4,6,3,1,No
EMP01278,91.8,21,3,5,No
EMP01279,78.6,6,1,2,No
EMP01280,87.2,27,3,2,No
EMP01281,82.0,13,1,3,No
EMP01282,81.9,21,5,3,No
EMP01283,76.4,19,5,5,Yes
EMP01284,98.2,17,2,1,No
EMP01285,80.3,23,4,3,No
EMP01286,91.9,15,3,1,No
EMP01287,93.2,9,3,2,Yes
EMP01288,76.5,2,4,4,No
EMP01289,85.0,24,3,3,No
EMP01290,87.7,10,1,2,No
EMP01291,96.6,2,4,1,Yes
EMP01292,86.0,2,2,2,No
EMP01293,76.0,28,1,5,No
EMP01294,90.2,26,2,3,No
EMP01295,81.9,6,5,5,No
EMP01296,78.5,15,1,1,No
EMP01297,86.1,23,4,3,No
EMP01298,80.4,20,4,5,No
EMP01299,77.3,1,1,1,Yes
EMP01300,99.4,19,1,3,No
EMP01301,76.5,13,3,1,No
EMP01302,98.5,8,3,5,No
EMP01303,98.8,25,3,4,No
EMP01304,87.7,20,1,4,No
EMP01305,82.3,19,2,2,No
EMP01306,85.6,7,4,3,No
EMP01307,99.3,23,1,2,No
EMP01308,97.7,6,4,1,No
EMP01309,83.1,5,5,1,No
EMP01310,93.0,12,3,4,No
EMP01311,79.8,13,2,2,No
EMP01312,92.2,3,2,5,No
EMP01313,84.9,4,4,5,No
EMP01314,84.1,30,4,4,No
EMP01315,89.6,22,1,1,No
EMP01316,89.7,3,4,5,No
EMP01317,78.8,3,5,4,No
EMP01318,75.4,11,1,4,No
EMP01319,95.9,3,4,5,No
EMP01320,97.3,22,4,1,No
EMP01321,99.7,9,1,2,Yes
EMP01322,87.1,0,3,3,No
EMP01323,78.8,14,2,3,No
EMP01324,98.8,21,1,5,No
EMP01325,83.4,6,5,4,No
EMP01326,90.8,13,3,5,No
EMP01327,94.5,21,3,5,No
EMP01328,81.7,1,3,1,No
EMP01329,75.3,1,2,2,No
EMP01330,91.9,26,5,4,Yes
EMP01331,92.3,17,3,1,No
EMP01332,91.2,24,3,2,No
EMP01333,86.2,4,3,2,No
EMP01334,80.1,29,4,1,No
EMP01335,78.7,1,2,1,No
EMP01336,90.5,18,2,4,No
EMP01337,76.2,29,1,4,No
EMP01338,90.7,1,3,5,No
EMP01339,80.9,6,4,3,No
EMP01340,90.9,30,2,3,No
EMP01341,90.7,13,5,2,No
EMP01342,76.7,28,4,2,No
EMP01343,84.9,24,2,4,No
EMP01344,78.4,12,2,3,No
EMP01345,99.8,2,2,1,No
EMP01346,86.6,24,1,3,No
EMP01347,84.4,4,3,3,No
EMP01348,75.5,10,4,4,No
EMP01349,87.6,13,3,2,Yes
EMP01350,81.3,0,4,1,No
EMP01351,85.4,17,4,3,No
EMP01352,94.4,11,1,5,No
EMP01353,88.7,8,1,5,No
EMP01354,77.2,18,1,1,No
EMP01355,82.5,2,2,5,No
EMP01356,86.6,4,5,1,No
EMP01357,93.9,23,3,4,No
EMP01358,95.3,17,3,5,No
EMP01359,91.0,22,5,2,No
EMP01360,83.5,17,4,3,No
EMP01361,90.2,9,5,5,Yes
EMP01362,81.5,21,3,4,No
EMP01363,86.0,5,3,1,No
EMP01364,87.8,27,5,5,No
EMP01365,76.6,26,3,5,No
EMP01366,88.6,8,4,4,No
EMP01367,78.4,18,5,1,No
EMP01368,94.3,26,1,1,No
EMP01369,84.0,20,5,2,Yes
EMP01370,93.5,18,3,1,No
EMP01371,92.0,26,3,4,No
EMP01372,95.3,10,5,2,No
EMP01373,93.7,22,1,5,No
EMP01374,88.5,16,4,3,No
EMP01375,75.9,21,5,5,No
EMP01376,78.0,14,4,3,No
EMP01377,87.7,4,1,3,Yes
EMP01378,77.3,12,1,2,No
EMP01379,87.1,19,2,1,No
EMP01380,89.6,22,5,4,No
EMP01381,89.4,14,5,4,No
EMP01382,76.0,13,5,1,No
EMP01383,83.0,13,4,4,No
EMP01384,95.4,26,5,3,No
EMP01385,94.5,20,4,3,No
EMP01386,81.7,8,5,1,Yes
EMP01387,75.6,2,3,4,No
EMP01388,97.7,4,3,3,No
EMP01389,83.0,29,1,2,No
EMP01390,78.9,15,5,1,No
EMP01391,85.4,24,5,2,No
EMP01392,97.6,17,5,1,No
EMP01393,79.1,3,1,1,No
EMP01394,79.1,18,1,2,No
EMP01395,79.7,26,3,2,No
EMP01396,77.7,10,3,5,No
EMP01397,93.4,20,2,4,No
EMP01398,92.6,18,3,5,No
EMP01399,76.8,20,5,2,No
EMP01400,97.9,21,3,1,No
EMP01401,90.2,7,3,3,No
EMP01402,80.5,12,5,1,No
EMP01403,95.9,5,5,4,Yes
EMP01404,90.0,28,2,2,No
EMP01405,77.0,8,2,4,No
EMP01406,79.0,7,3,2,No
EMP01407,93.8,7,1,2,Yes
EMP01408,93.5,26,3,2,No
EMP01409,87.3,4,5,4,No
EMP01410,87.5,4,1,5,No
EMP01411,80.8,12,2,1,Yes
EMP01412,84.0,25,5,3,No
EMP01413,92.7,14,5,4,No
EMP01414,76.5,11,3,5,No
EMP01415,89.5,17,4,4,No
EMP01416,85.1,6,2,2,No
EMP01417,81.3,11,1,4,No
EMP01418,92.5,28,4,3,No
EMP01419,93.4,5,1,1,No
EMP01420,81.3,25,4,1,No
EMP01421,94.6,15,2,2,No
EMP01422,88.0,9,3,3,No
EMP01423,78.6,7,3,4,No
EMP01424,76.7,30,1,1,No
EMP01425,92.4,22,2,4,No
EMP01426,95.0,21,4,3,No
EMP01427,84.4,8,1,2,No
EMP01428,95.0,2,3,3,No
EMP01429,95.6,2,2,1,Yes
EMP01430,83.8,22,1,5,No
EMP01431,84.8,20,2,3,No
EMP01432,93.7,1,5,3,No
EMP01433,81.3,8,2,4,No
EMP01434,84.8,14,4,5,No
EMP01435,86.3,30,4,4,No
EMP01436,96.8,5,2,5,Yes
EMP01437,97.3,0,3,4,No
EMP01438,97.1,8,5,5,No
EMP01439,91.2,15,1,2,No
EMP01440,81.2,10,2,4,No
EMP01441,93.9,30,3,3,Yes
EMP01442,80.7,2,5,5,No
EMP01443,88.4,8,4,2,No
EMP01444,94.7,26,5,1,No
EMP01445,76.6,17,4,1,No
EMP01446,78.8,11,4,4,No
EMP01447,95.2,13,5,2,No
EMP01448,96.3,0,2,1,No
EMP01449,96.8,12,1,5,No
EMP01450,99.4,15,2,4,No
EMP01451,94.9,23,4,2,No
EMP01452,83.8,6,3,4,No
EMP01453,97.8,26,3,2,No
EMP01454,76.3,21,2,5,No
EMP01455,78.7,30,3,4,No
EMP01456,85.7,5,2,1,No
EMP01457,88.8,23,5,1,No
EMP01458,88.0,23,1,2,Yes
EMP01459,94.1,17,5,4,No
EMP01460,82.6,7,1,5,No
EMP01461,80.7,18,1,1,Yes
EMP01462,86.5,30,4,2,No
EMP01463,92.0,6,2,1,No
EMP01464,92.0,23,3,4,Yes
EMP01465,96.7,1,2,1,Yes
EMP01466,81.8,30,2,4,No
EMP01467,90.0,9,4,1,Yes
EMP01468,78.5,10,3,4,No
EMP01469,88.1,15,3,1,No
EMP01470,82.9,21,2,2,No
EMP01471,76.4,19,2,2,No
EMP01472,97.3,14,4,1,No
EMP01473,92.4,6,2,4,No
EMP01474,94.6,27,2,2,No
EMP01475,98.9,10,4,5,No
EMP01476,94.1,3,1,5,No
EMP01477,95.8,5,3,5,No
EMP01478,88.7,29,2,2,No
EMP01479,81.4,10,5,1,No
EMP01480,83.0,4,4,5,No
EMP01481,75.7,8,1,5,No
EMP01482,89.2,5,1,2,No
EMP01483,79.6,30,2,4,Yes
EMP01484,98.9,2,4,3,No
EMP01485,97.5,1,4,1,No
EMP01486,83.5,12,4,4,No
EMP01487,97.7,24,2,1,No
EMP01488,75.8,14,1,2,Yes
EMP01489,79.5,15,3,2,No
EMP01490,97.7,0,5,5,No
EMP01491,80.5,10,2,5,No
EMP01492,97.1,16,5,4,No
EMP01493,95.9,19,1,1,Yes
EMP01494,82.2,3,1,2,No
EMP01495,92.9,23,1,1,No
EMP01496,90.9,5,5,4,No
EMP01497,95.3,9,1,3,No
EMP01498,76.2,16,5,4,No
EMP01499,98.0,11,5,3,Yes
EMP01500,99.4,23,4,4,No
EMP01501,95.1,3,3,4,Yes
EMP01502,81.2,26,1,4,No
EMP01503,86.7,23,3,4,No
EMP01504,88.0,2,3,4,No
EMP01505,82.8,0,2,1,No
EMP01506,90.8,1,1,3,No
EMP01507,97.7,20,1,2,No
EMP01508,85.5,17,5,5,No
EMP01509,85.4,2,5,2,No
EMP01510,97.3,16,1,2,No
EMP01511,75.8,1,2,2,No
EMP01512,86.9,7,3,5,No
EMP01513,77.8,12,3,3,Yes
EMP01514,79.7,13,1,1,No
EMP01515,91.4,24,2,2,No
EMP01516,94.0,0,2,2,No
EMP01517,90.2,3,2,5,Yes
EMP01518,85.1,24,3,1,Yes
EMP01519,75.9,15,2,2,Yes
EMP01520,98.6,27,4,4,No
EMP01521,88.3,18,4,5,No
EMP01522,95.4,21,3,3,No
EMP01523,82.7,16,2,5,No
EMP01524,84.6,8,2,4,No
EMP01525,84.5,21,4,2,No
EMP01526,78.5,3,5,5,No
EMP01527,92.0,10,3,5,No
EMP01528,82.7,30,1,5,No
EMP01529,84.7,0,5,5,No
EMP01530,93.5,14,2,1,No
EMP01531,98.4,28,3,2,No
EMP01532,88.8,8,5,2,No
EMP01533,98.1,5,2,5,No
EMP01534,95.0,7,3,3,No
EMP01535,97.5,13,2,2,No
EMP01536,84.1,13,3,4,No
EMP01537,99.6,11,5,3,No
EMP01538,96.4,15,5,1,No
EMP01539,79.6,6,2,5,No
EMP01540,81.2,4,1,2,No
EMP01541,77.1,6,3,5,No
EMP01542,89.8,28,5,4,No
EMP01543,75.6,30,5,1,No
EMP01544,99.6,22,3,3,No
EMP01545,83.2,18,3,1,No
EMP01546,81.7,4,3,2,No
EMP01547,98.4,11,2,3,No
EMP01548,84.7,24,4,1,No
EMP01549,97.1,4,4,3,No
EMP01550,86.5,9,1,2,No
EMP01551,89.3,20,3,2,No
EMP01552,92.4,0,3,1,No
EMP01553,90.4,13,4,3,No
EMP01554,99.9,9,2,1,Yes
EMP01555,86.7,14,2,1,No
EMP01556,84.1,9,2,2,No
EMP01557,99.0,2,5,5,No
EMP01558,99.9,19,2,2,No
EMP01559,77.0,14,2,3,No
EMP01560,96.6,23,1,4,No
EMP01561,77.7,0,5,5,No
EMP01562,84.0,6,4,4,No
EMP01563,76.0,17,2,1,No
EMP01564,81.1,5,4,2,No
EMP01565,81.3,29,1,1,No
EMP01566,96.4,27,1,1,No
EMP01567,92.1,5,2,4,No
EMP01568,96.4,29,3,2,Yes
EMP01569,93.2,4,5,4,No
EMP01570,84.6,27,3,5,No
EMP01571,83.4,20,5,3,No
EMP01572,84.1,16,3,4,No
EMP01573,100.0,25,1,4,No
EMP01574,87.3,23,1,4,No
EMP01575,96.2,0,3,2,No
EMP01576,98.8,27,3,1,No
EMP01577,95.7,29,1,3,No
EMP01578,80.7,3,5,1,No
EMP01579,82.0,20,5,5,No
EMP01580,84.2,5,1,1,No
EMP01581,76.4,16,2,4,No
EMP01582,76.4,27,2,1,No
EMP01583,77.9,12,1,5,No
EMP01584,79.2,15,4,3,No
EMP01585,78.2,23,5,1,No
EMP01586,82.4,15,4,4,No
EMP01587,98.3,29,2,2,No
EMP01588,95.7,18,2,4,No
EMP01589,81.8,20,2,2,No
EMP01590,98.4,15,3,2,No
EMP01591,94.2,2,5,2,No
EMP01592,99.3,22,4,5,No
EMP01593,99.8,3,3,1,Yes
EMP01594,91.3,6,3,3,No
EMP01595,99.9,13,2,5,No
EMP01596,98.9,26,1,2,No
EMP01597,76.7,16,1,3,Yes
EMP01598,88.8,10,1,3,Yes
EMP01599,99.5,28,1,2,No
EMP01600,86.2,25,4,1,No
EMP01601,81.5,1,3,2,No
EMP01602,93.6,28,1,1,No
EMP01603,97.7,2,2,5,No
EMP01604,85.2,11,5,1,No
EMP01605,80.5,15,5,2,No
EMP01606,83.5,3,2,5,No
EMP01607,99.5,20,3,5,No
EMP01608,94.9,6,5,1,No
EMP01609,99.7,6,5,1,Yes
EMP01610,98.1,25,4,4,Yes
EMP01611,86.7,28,3,4,No
EMP01612,96.9,8,2,2,No
EMP01613,85.1,20,1,3,No
EMP01614,79.3,28,5,2,No
EMP01615,88.3,7,1,5,No
EMP01616,86.2,0,3,1,No
EMP01617,87.9,3,2,2,No
EMP01618,88.9,12,1,1,No
EMP01619,86.3,5,2,2,No
EMP01620,76.8,17,4,2,Yes
EMP01621,78.3,1,1,5,No
EMP01622,89.2,29,1,2,No
EMP01623,88.2,10,5,2,No
EMP01624,93.4,28,1,4,No
EMP01625,93.1,2,5,2,No
EMP01626,76.0,3,4,2,Yes
EMP01627,79.1,15,1,1,No
EMP01628,81.4,18,4,2,No
EMP01629,77.0,6,2,1,No
EMP01630,88.8,17,5,4,No
EMP01631,82.8,23,5,5,No
EMP01632,96.5,5,3,3,No
EMP01633,84.6,6,2,2,No
EMP01634,93.5,10,2,4,No
EMP01635,90.6,18,4,4,No
EMP01636,80.2,1,1,5,No
EMP01637,81.2,25,2,2,No
EMP01638,93.4,17,5,3,No
EMP01639,75.6,25,1,3,No
EMP01640,76.7,10,1,4,No
EMP01641,82.9,21,3,5,Yes
EMP01642,76.1,26,2,2,No
EMP01643,78.7,2,2,2,No
EMP01644,82.8,15,3,2,No
EMP01645,95.6,29,1,1,No
EMP01646,78.8,14,5,5,No
EMP01647,79.4,6,4,2,No
EMP01648,81.7,23,2,5,No
EMP01649,76.7,7,4,4,No
EMP01650,79.1,9,5,4,No
EMP01651,80.2,17,5,4,No
EMP01652,87.6,17,3,1,No
EMP01653,87.6,8,1,5,No
EMP01654,76.4,2,1,1,No
EMP01655,92.4,24,4,1,No
EMP01656,85.3,23,4,3,No
EMP01657,86.5,12,1,5,No
EMP01658,79.9,23,4,4,No
EMP01659,95.5,28,2,3,No
EMP01660,87.9,2,4,4,No
EMP01661,89.0,13,4,5,No
EMP01662,86.1,2,2,4,No
EMP01663,97.6,15,1,5,No
EMP01664,97.2,2,1,5,No
EMP01665,95.5,13,5,3,No
EMP01666,82.3,3,3,1,No
EMP01667,98.3,6,4,2,No
EMP01668,80.3,10,5,4,No
EMP01669,86.5,7,2,4,No
EMP01670,75.3,0,4,2,No
EMP01671,91.8,25,1,3,No
EMP01672,91.8,13,2,2,No
EMP01673,98.6,6,1,1,No
EMP01674,84.9,7,4,1,No
EMP01675,92.9,27,3,3,No
EMP01676,79.4,13,3,1,No
EMP01677,93.7,18,1,1,No
EMP01678,76.4,3,4,4,No
EMP01679,98.9,2,2,3,No
EMP01680,89.5,18,3,1,No
EMP01681,90.8,14,5,3,No
EMP01682,84.8,7,1,1,Yes
EMP01683,95.9,2,2,2,No
EMP01684,86.6,9,5,5,No
EMP01685,90.7,1,3,2,No
EMP01686,86.9,6,1,2,No
EMP01687,78.3,12,3,2,No
EMP01688,77.1,22,5,3,No
EMP01689,88.9,12,1,2,No
EMP01690,75.6,20,4,3,No
EMP01691,99.1,19,3,5,No
EMP01692,86.7,28,1,5,No
EMP01693,88.8,6,2,1,No
EMP01694,94.2,12,1,1,No
EMP01695,78.2,25,5,3,No
EMP01696,95.6,17,1,5,No
EMP01697,95.4,18,4,1,No
EMP01698,98.5,5,5,2,No
EMP01699,86.4,19,4,1,No
EMP01700,81.8,8,2,1,No
EMP01701,92.6,1,4,5,No
EMP01702,83.4,10,1,5,No
EMP01703,98.1,2,1,4,Yes
EMP01704,90.0,13,5,2,No
EMP01705,89.7,29,4,4,No
EMP01706,92.3,12,1,5,No
EMP01707,96.2,26,3,3,No
EMP01708,91.2,2,5,5,No
EMP01709,99.9,20,3,2,No
EMP01710,99.8,4,1,1,No
EMP01711,88.9,21,3,1,No
EMP01712,79.6,30,1,5,No
EMP01713,79.0,20,5,2,No
EMP01714,87.7,13,4,5,No
EMP01715,95.4,13,3,1,No
EMP01716,99.1,8,1,1,No
EMP01717,88.3,19,4,4,No
EMP01718,80.3,1,2,2,No
EMP01719,79.7,1,5,5,Yes
EMP01720,91.4,27,3,3,No
EMP01721,80.7,27,5,3,Yes
EMP01722,98.5,8,1,4,No
EMP01723,99.3,24,4,4,Yes
EMP01724,77.2,13,4,2,No
EMP01725,99.2,24,5,5,No
EMP01726,98.1,24,4,5,No
EMP01727,98.9,16,4,5,No
EMP01728,83.0,20,5,2,Yes
EMP01729,83.5,18,4,3,No
EMP01730,86.9,14,3,1,No
EMP01731,86.9,25,2,3,No
EMP01732,83.6,29,5,2,No
EMP01733,95.4,15,1,3,No
EMP01734,84.1,16,3,4,No
EMP01735,95.6,15,5,2,No
EMP01736,93.7,1,3,4,No
EMP01737,76.7,26,4,2,No
EMP01738,88.0,26,4,4,No
EMP01739,99.9,1,2,5,No
EMP01740,81.8,27,3,5,No
EMP01741,94.6,18,1,3,No
EMP01742,97.6,7,4,1,No
EMP01743,96.6,21,3,2,No
EMP01744,95.3,3,2,1,Yes
EMP01745,75.3,17,3,2,No
EMP01746,84.9,25,5,4,No
EMP01747,78.3,29,2,5,No
EMP01748,89.1,10,1,2,Yes
EMP01749,90.1,29,3,4,No
EMP01750,75.8,25,1,2,No
EMP01751,91.4,11,4,1,No
EMP01752,85.9,3,2,4,No
EMP01753,83.9,4,5,3,No
EMP01754,80.8,24,3,4,Yes
EMP01755,89.3,15,1,5,No
EMP01756,96.5,14,2,1,Yes
EMP01757,80.0,21,1,5,No
EMP01758,98.2,19,2,5,No
EMP01759,82.3,11,3,3,No
EMP01760,92.7,29,1,4,No
EMP01761,81.5,22,4,1,No
EMP01762,98.6,9,5,3,No
EMP01763,86.2,18,5,1,No
EMP01764,88.2,9,3,2,Yes
EMP01765,98.2,18,3,4,Yes
EMP01766,92.6,19,3,1,No
EMP01767,95.0,19,3,5,No
EMP01768,98.2,10,2,5,No
EMP01769,79.4,23,1,1,Yes
EMP01770,77.9,18,1,1,No
EMP01771,87.8,16,1,1,Yes
EMP01772,96.1,16,2,4,No
EMP01773,81.0,10,2,4,No
EMP01774,93.0,6,1,1,No
EMP01775,78.3,23,4,2,No
EMP01776,77.8,19,2,2,No
EMP01777,77.8,26,1,1,No
EMP01778,77.0,2,1,1,No
EMP01779,80.4,3,2,1,No
EMP01780,88.5,20,2,4,No
EMP01781,89.2,20,2,4,No
EMP01782,97.8,26,4,1,No
EMP01783,90.8,26,5,2,Yes
EMP01784,79.7,16,5,1,No
EMP01785,89.0,14,2,5,No
EMP01786,82.9,22,5,2,No
EMP01787,97.1,11,1,3,No
EMP01788,77.4,3,5,3,Yes
EMP01789,85.1,22,1,4,No
EMP01790,91.4,26,2,4,No
EMP01791,84.7,19,3,3,No
EMP01792,80.2,28,3,5,No
EMP01793,99.2,26,3,3,Yes
EMP01794,92.7,8,1,2,Yes
EMP01795,96.8,0,3,3,No
EMP01796,76.9,5,5,4,No
EMP01797,96.5,26,1,2,No
EMP01798,76.8,6,2,2,No
EMP01799,99.2,23,5,5,No
EMP01800,79.3,13,2,3,No
EMP01801,96.8,26,1,3,No
EMP01802,75.9,16,3,1,No
EMP01803,96.6,24,2,1,No
EMP01804,99.9,23,2,1,No
EMP01805,97.1,21,2,4,No
EMP01806,88.0,16,2,3,No
EMP01807,75.3,12,3,2,No
EMP01808,79.5,3,3,4,No
EMP01809,83.7,28,1,4,No
EMP01810,79.7,22,2,4,No
EMP01811,94.6,13,4,3,No
EMP01812,94.5,26,2,1,No
EMP01813,97.1,20,2,5,No
EMP01814,76.4,17,3,1,No
EMP01815,94.3,14,5,3,No
EMP01816,86.4,8,2,1,No
EMP01817,98.2,13,4,5,No
EMP01818,77.9,11,3,1,No
EMP01819,81.4,19,5,5,Yes
EMP01820,86.0,8,2,3,No
EMP01821,90.1,19,1,3,No
EMP01822,93.3,27,2,3,No
EMP01823,96.5,14,5,4,No
EMP01824,89.1,17,2,1,No
EMP01825,83.2,1,4,1,No
EMP01826,85.8,0,2,4,No
EMP01827,81.5,11,3,2,No
EMP01828,93.4,5,5,4,Yes
EMP01829,96.0,23,5,4,No
EMP01830,100.0,22,5,5,No
EMP01831,97.1,14,4,5,No
EMP01832,86.2,9,5,3,No
EMP01833,78.6,23,1,4,No
EMP01834,80.0,30,1,3,Yes
EMP01835,89.6,11,5,2,No
EMP01836,78.7,6,5,4,No
EMP01837,86.5,17,3,4,No
EMP01838,85.6,4,3,2,Yes
EMP01839,97.0,13,4,2,No
EMP01840,84.4,18,2,1,No
EMP01841,82.9,10,3,2,No
EMP01842,75.8,7,4,4,No
EMP01843,81.4,8,1,1,No
EMP01844,86.6,17,4,1,No
EMP01845,86.1,30,4,1,Yes
EMP01846,84.4,22,3,4,No
EMP01847,87.4,27,5,4,No
EMP01848,87.5,6,3,1,No
EMP01849,92.0,26,5,4,No
EMP01850,91.3,24,5,3,Yes
EMP01851,86.2,0,1,3,No
EMP01852,98.3,17,2,2,No
EMP01853,93.8,14,2,3,Yes
EMP01854,88.1,22,3,5,No
EMP01855,77.9,26,5,1,No
EMP01856,92.2,5,1,2,No
EMP01857,82.4,5,3,1,No
EMP01858,98.4,22,3,3,Yes
EMP01859,96.5,8,2,2,Yes
EMP01860,95.7,6,5,1,Yes
EMP01861,83.8,23,3,3,No
EMP01862,83.5,14,3,1,No
EMP01863,75.9,6,2,2,No
EMP01864,87.9,16,3,4,No
EMP01865,83.6,4,2,4,No
EMP01866,90.3,13,1,2,Yes
EMP01867,80.3,30,1,4,No
EMP01868,78.3,3,2,1,No
EMP01869,97.0,24,4,4,No
EMP01870,97.6,25,2,2,No
EMP01871,76.8,5,2,1,No
EMP01872,84.5,29,1,2,No
EMP01873,86.2,24,4,3,No
EMP01874,88.0,18,1,1,No
EMP01875,77.1,5,4,4,No
EMP01876,86.5,5,5,5,No
EMP01877,77.3,24,1,3,No
EMP01878,92.8,29,3,2,No
EMP01879,83.6,22,1,2,No
EMP01880,91.1,15,4,3,No
EMP01881,87.0,1,2,1,No
EMP01882,78.0,24,5,5,No
EMP01883,88.7,1,5,5,No
EMP01884,97.5,13,3,5,No
EMP01885,85.1,22,2,5,No
EMP01886,98.6,14,3,3,Yes
EMP01887,82.3,13,5,2,No
EMP01888,92.3,26,5,3,Yes
EMP01889,89.7,5,4,3,No
EMP01890,85.6,0,1,5,No
EMP01891,88.8,15,5,3,No
EMP01892,96.1,3,2,2,No
EMP01893,77.6,3,3,3,No
EMP01894,80.0,26,4,5,No
EMP01895,88.5,20,2,5,No
EMP01896,79.8,7,5,2,No
EMP01897,96.1,2,5,4,No
EMP01898,98.0,8,1,3,Yes
EMP01899,77.3,10,3,3,No
EMP01900,98.2,23,5,2,No
EMP01901,99.2,19,2,1,No
EMP01902,82.1,26,5,5,No
EMP01903,90.5,13,1,4,No
EMP01904,97.1,27,1,2,No
EMP01905,89.4,30,4,2,No
EMP01906,93.9,26,5,1,No
EMP01907,85.9,20,2,5,No
EMP01908,96.9,9,2,4,No
EMP01909,91.5,18,2,2,No
EMP01910,88.4,5,1,4,No
EMP01911,90.2,7,2,3,No
EMP01912,87.8,5,5,4,No
EMP01913,91.3,23,4,5,No
EMP01914,76.1,0,1,3,No
EMP01915,86.2,30,1,2,Yes
EMP01916,89.8,12,2,1,Yes
EMP01917,90.2,8,5,1,No
EMP01918,91.3,18,3,5,No
EMP01919,86.3,29,1,1,No
EMP01920,99.7,17,1,4,No
EMP01921,91.1,17,1,1,No
EMP01922,76.2,21,2,1,No
EMP01923,98.9,23,3,4,No
EMP01924,84.1,4,3,2,No
EMP01925,84.6,16,3,3,No
EMP01926,77.8,24,5,4,No
EMP01927,98.8,30,3,2,No
EMP01928,93.1,24,5,5,No
EMP01929,88.7,12,3,4,No
EMP01930,82.5,19,2,5,No
EMP01931,78.6,0,2,3,No
EMP01932,83.7,4,4,3,No
EMP01933,95.8,23,1,2,No
EMP01934,97.2,11,2,1,No
EMP01935,99.3,21,5,3,No
EMP01936,80.2,13,5,3,No
EMP01937,99.1,0,4,2,No
EMP01938,77.8,30,3,1,No
EMP01939,75.8,8,1,2,No
EMP01940,98.3,21,4,3,No
EMP01941,83.5,16,5,5,No
EMP01942,84.5,29,4,1,No
EMP01943,87.8,18,4,2,No
EMP01944,76.2,9,1,5,No
EMP01945,99.6,3,1,2,No
EMP01946,96.8,15,2,3,No
EMP01947,81.5,25,2,2,No
EMP01948,88.4,8,4,2,No
EMP01949,84.2,26,2,3,No
EMP01950,94.1,5,1,4,No
EMP01951,97.4,18,1,3,No
EMP01952,83.2,20,1,1,No
EMP01953,82.1,7,3,3,No
EMP01954,97.5,23,2,5,No
EMP01955,79.7,0,4,5,No
EMP01956,76.4,2,1,1,No
EMP01957,83.0,0,2,2,No
EMP01958,83.0,16,1,2,No
EMP01959,83.3,4,2,4,No
EMP01960,94.2,7,5,2,No
EMP01961,99.0,8,1,2,No
EMP01962,88.1,3,2,1,No
EMP01963,91.2,11,4,1,No
EMP01964,78.3,16,1,1,No
EMP01965,98.4,18,3,4,No
EMP01966,76.5,9,3,4,Yes
EMP01967,89.4,14,5,5,No
EMP01968,75.0,15,1,3,No
EMP01969,95.8,6,2,1,No
EMP01970,92.1,22,1,4,No
EMP01971,80.5,23,2,2,No
EMP01972,99.3,16,5,4,No
EMP01973,97.3,3,5,2,No
EMP01974,83.8,8,5,5,No
EMP01975,78.8,8,5,4,No
EMP01976,99.3,0,4,1,No
EMP01977,88.3,16,1,2,No
EMP01978,75.6,8,3,1,No
EMP01979,82.7,1,4,2,No
EMP01980,100.0,26,2,2,No
EMP01981,80.7,6,1,2,No
EMP01982,97.2,8,4,5,No
EMP01983,84.1,15,5,2,No
EMP01984,98.4,18,1,1,No
EMP01985,93.9,9,5,2,No
EMP01986,92.0,19,2,2,No
EMP01987,78.3,17,4,2,No
EMP01988,86.6,2,2,1,No
EMP01989,77.1,16,2,2,No
EMP01990,78.8,29,1,3,No
EMP01991,76.7,6,1,3,No
EMP01992,94.4,0,3,3,No
EMP01993,77.2,10,2,5,No
EMP01994,94.3,8,3,3,Yes
EMP01995,90.2,15,4,1,No
EMP01996,76.9,0,2,5,No
EMP01997,86.3,6,3,4,No
EMP01998,93.9,8,3,3,No
EMP01999,84.2,27,4,1,No
EMP02000,89.0,4,2,4,Yes
