EmployeeID,Salary,Bonus,OvertimeHours
EMP00001,41971,20084,28
EMP00002,43108,39913,24
EMP00003,35361,16298,19
EMP00004,74040,35251,26
EMP00005,107779,34297,15
EMP00006,56284,27083,10
EMP00007,149044,49998,36
EMP00008,138063,7339,26
EMP00009,46791,37231,2
EMP00010,55824,49727,35
EMP00011,102154,6839,10
EMP00012,143253,11083,15
EMP00013,134676,41990,11
EMP00014,155536,14154,14
EMP00015,32875,11243,37
EMP00016,165173,13512,6
EMP00017,77400,11314,32
EMP00018,120105,16523,23
EMP00019,148146,28668,19
EMP00020,121789,39769,40
EMP00021,29093,28382,12
EMP00022,67374,27612,32
EMP00023,56429,16882,10
EMP00024,133874,7058,37
EMP00025,128084,11231,22
EMP00026,104130,15340,40
EMP00027,174128,25693,21
EMP00028,149554,11261,37
EMP00029,131028,33501,18
EMP00030,75224,8626,28
EMP00031,174161,36033,3
EMP00032,143974,26795,38
EMP00033,178644,22630,38
EMP00034,104459,5003,25
EMP00035,132707,49823,17
EMP00036,105146,39225,38
EMP00037,119574,40364,36
EMP00038,99186,25562,16
EMP00039,50447,29020,40
EMP00040,88810,39150,25
EMP00041,102678,11081,24
EMP00042,124913,21083,9
EMP00043,111648,43688,38
EMP00044,110208,13875,15
EMP00045,155629,18262,31
EMP00046,162357,27475,36
EMP00047,177765,42756,23
EMP00048,171971,29668,40
EMP00049,28188,36499,39
EMP00050,34377,40673,8
EMP00051,76345,33350,1
EMP00052,93856,27973,9
EMP00053,82250,15517,27
EMP00054,129337,46852,25
EMP00055,152992,9203,37
EMP00056,163136,6925,27
EMP00057,42120,11034,16
EMP00058,99092,34138,34
EMP00059,79499,44657,36
EMP00060,70652,46917,32
EMP00061,78399,16146,33
EMP00062,28417,30259,9
EMP00063,98717,12431,36
EMP00064,99027,46334,35
EMP00065,86193,29310,29
EMP00066,85178,47681,15
EMP00067,159184,45206,17
EMP00068,135094,31678,33
EMP00069,176074,27171,22
EMP00070,47186,18840,5
EMP00071,102276,27395,19
EMP00072,146844,28427,21
EMP00073,101529,45509,39
EMP00074,46065,48760,18
EMP00075,66054,46986,23
EMP00076,173775,43250,5
EMP00077,175889,8202,37
EMP00078,111826,18652,34
EMP00079,163298,42186,37
EMP00080,146336,36345,4
EMP00081,69226,7893,39
EMP00082,65024,41487,36
EMP00083,81740,20475,28
EMP00084,53445,37404,12
EMP00085,41370,15214,9
EMP00086,151039,26196,12
EMP00087,103547,23478,29
EMP00088,102005,9398,31
EMP00089,32408,7992,24
EMP00090,53195,23102,8
EMP00091,169761,40816,24
EMP00092,91284,16480,35
EMP00093,26287,18101,3
EMP00094,167142,35613,21
EMP00095,104882,6636,21
EMP00096,30258,43832,5
EMP00097,94679,35255,24
EMP00098,106828,6233,34
EMP00099,48921,30382,32
EMP00100,118666,17192,14
EMP00101,38149,48788,13
EMP00102,161845,25904,34
EMP00103,145528,15856,21
EMP00104,129112,22561,3
EMP00105,141396,45705,6
EMP00106,122831,30660,19
EMP00107,49903,13546,8
EMP00108,149425,45738,30
EMP00109,85022,36492,5
EMP00110,38328,36989,35
EMP00111,57699,28220,8
EMP00112,144517,18028,20
EMP00113,63423,32246,25
EMP00114,98231,17859,14
EMP00115,36654,47981,10
EMP00116,130383,15332,17
EMP00117,108921,39547,12
EMP00118,97596,32654,0
EMP00119,121943,39293,7
EMP00120,41753,21326,32
EMP00121,125276,37147,13
EMP00122,172584,38871,8
EMP00123,130050,10013,26
EMP00124,37783,36177,19
EMP00125,131325,24800,10
EMP00126,29507,41273,14
EMP00127,153694,40554,20
EMP00128,154386,39625,6
EMP00129,96719,16792,38
EMP00130,128213,38059,38
EMP00131,75217,14271,11
EMP00132,63418,40751,23
EMP00133,177823,8153,29
EMP00134,103343,29342,0
EMP00135,104775,7772,15
EMP00136,103921,17884,2
EMP00137,91947,41287,21
EMP00138,96608,47173,6
EMP00139,131427,20719,5
EMP00140,32488,14198,8
EMP00141,29839,29000,34
EMP00142,111804,44822,31
EMP00143,96438,15531,37
EMP00144,166798,19446,14
EMP00145,124546,39800,5
EMP00146,163475,25532,24
EMP00147,84016,38521,11
EMP00148,116630,35707,28
EMP00149,104807,42209,5
EMP00150,103999,48008,21
EMP00151,129768,38654,14
EMP00152,139342,13118,5
EMP00153,69466,40152,11
EMP00154,61020,6414,38
EMP00155,96354,13601,4
EMP00156,157420,6197,36
EMP00157,133716,34636,7
EMP00158,114914,37133,20
EMP00159,69698,49805,18
EMP00160,94985,38406,28
EMP00161,49588,8896,25
EMP00162,65390,17234,4
EMP00163,158041,29667,14
EMP00164,129637,11113,17
EMP00165,141128,38981,21
EMP00166,80068,36107,40
EMP00167,136957,28744,0
EMP00168,114249,17200,10
EMP00169,177063,43301,18
EMP00170,112893,21461,5
EMP00171,155728,42544,30
EMP00172,125753,25558,31
EMP00173,45965,45880,16
EMP00174,82812,32057,13
EMP00175,40402,14888,38
EMP00176,41249,46705,35
EMP00177,38047,44973,24
EMP00178,148634,21750,2
EMP00179,154822,5113,1
EMP00180,33201,39140,17
EMP00181,68057,30354,26
EMP00182,41779,14936,2
EMP00183,35877,22972,25
EMP00184,116063,34272,10
EMP00185,85354,5990,1
EMP00186,87451,14210,32
EMP00187,64692,48507,32
EMP00188,146800,30212,35
EMP00189,51361,15162,30
EMP00190,44946,38368,33
EMP00191,27042,24827,28
EMP00192,110662,44462,16
EMP00193,174503,10803,14
EMP00194,162465,30920,19
EMP00195,53811,24733,29
EMP00196,152589,49724,32
EMP00197,55525,29863,29
EMP00198,147764,45249,33
EMP00199,62865,16291,23
EMP00200,61405,38503,8
EMP00201,126438,16655,21
EMP00202,58982,22745,28
EMP00203,128136,46244,39
EMP00204,72276,17869,32
EMP00205,113617,39948,20
EMP00206,83109,7155,27
EMP00207,111734,31337,6
EMP00208,165788,46335,5
EMP00209,57432,6958,17
EMP00210,75687,33947,33
EMP00211,41966,45470,34
EMP00212,77354,21196,37
EMP00213,152664,7266,3
EMP00214,82777,49325,28
EMP00215,74306,42102,0
EMP00216,122098,26960,8
EMP00217,98256,6800,29
EMP00218,178854,15530,12
EMP00219,106504,22506,9
EMP00220,35181,27985,35
EMP00221,95772,43897,4
EMP00222,109564,43573,7
EMP00223,161485,5862,10
EMP00224,143872,19444,2
EMP00225,165678,8489,25
EMP00226,130727,32654,35
EMP00227,135689,36097,38
EMP00228,174255,42577,5
EMP00229,89642,13436,12
EMP00230,131446,36022,11
EMP00231,70559,16072,21
EMP00232,74442,10140,25
EMP00233,66198,25499,32
EMP00234,145218,20598,6
EMP00235,93932,35535,17
EMP00236,154116,43680,23
EMP00237,164404,35866,35
EMP00238,100335,49625,20
EMP00239,149769,8943,27
EMP00240,121713,25406,18
EMP00241,114781,26425,27
EMP00242,113439,44570,19
EMP00243,66571,41406,40
EMP00244,105382,40074,20
EMP00245,29457,20707,24
EMP00246,109834,21171,18
EMP00247,140902,27471,15
EMP00248,130136,40429,26
EMP00249,139791,11619,36
EMP00250,74061,23828,3
EMP00251,133859,16886,1
EMP00252,105102,19301,25
EMP00253,37560,16380,36
EMP00254,134847,44315,7
EMP00255,69379,6086,21
EMP00256,94781,37662,26
EMP00257,97903,14098,39
EMP00258,43361,41526,14
EMP00259,147640,32389,20
EMP00260,108661,32106,21
EMP00261,65914,30356,24
EMP00262,110977,36877,25
EMP00263,38351,40634,16
EMP00264,104803,22586,17
EMP00265,106870,32704,24
EMP00266,146640,48577,37
EMP00267,149531,5924,40
EMP00268,81069,20439,14
EMP00269,129989,40294,5
EMP00270,76136,19856,25
EMP00271,79207,41048,34
EMP00272,91289,27704,1
EMP00273,170129,38478,18
EMP00274,48211,34423,18
EMP00275,106031,13712,34
EMP00276,56596,42943,13
EMP00277,130341,33329,22
EMP00278,41180,37286,24
EMP00279,26936,7944,15
EMP00280,164307,47446,39
EMP00281,123477,43076,20
EMP00282,155191,16777,34
EMP00283,111680,8993,25
EMP00284,79737,21655,34
EMP00285,45291,10158,3
EMP00286,41531,40084,25
EMP00287,99733,8405,24
EMP00288,73157,28887,20
EMP00289,96738,22964,15
EMP00290,89455,33371,16
EMP00291,109365,28600,33
EMP00292,150954,46251,8
EMP00293,83243,30871,39
EMP00294,61024,31320,23
EMP00295,144715,48822,39
EMP00296,168759,22655,4
EMP00297,111501,25379,10
EMP00298,51420,15168,33
EMP00299,133831,42444,17
EMP00300,73682,37946,17
EMP00301,71601,40562,4
EMP00302,125282,11862,27
EMP00303,96538,13714,26
EMP00304,121961,22754,39
EMP00305,38439,18726,17
EMP00306,40098,48748,10
EMP00307,34506,37664,37
EMP00308,172343,28429,22
EMP00309,120604,28176,18
EMP00310,97678,15670,8
EMP00311,154195,20424,3
EMP00312,112073,36986,14
EMP00313,136307,5776,31
EMP00314,33267,28881,7
EMP00315,40128,38472,18
EMP00316,139226,48210,36
EMP00317,108941,24532,30
EMP00318,30331,14070,6
EMP00319,99102,9798,28
EMP00320,132997,23290,7
EMP00321,74855,7535,30
EMP00322,143549,7770,14
EMP00323,173725,9993,3
EMP00324,143414,9423,18
EMP00325,129672,31860,13
EMP00326,36197,34124,35
EMP00327,97315,24350,23
EMP00328,115322,21956,20
EMP00329,101146,39277,18
EMP00330,73889,14147,27
EMP00331,121816,27521,8
EMP00332,72357,29205,4
EMP00333,30855,21965,18
EMP00334,89930,26319,30
EMP00335,91883,49175,32
EMP00336,35006,41901,11
EMP00337,26935,45426,26
EMP00338,61320,13194,40
EMP00339,164018,43458,30
EMP00340,143644,8078,21
EMP00341,45881,15782,23
EMP00342,172535,24951,19
EMP00343,40288,30452,34
EMP00344,129089,11368,8
EMP00345,113747,34100,26
EMP00346,100572,31071,39
EMP00347,162224,18726,2
EMP00348,66508,49535,23
EMP00349,50123,27280,21
EMP00350,79287,6005,8
EMP00351,68983,27250,22
EMP00352,55349,20780,0
EMP00353,171225,19985,19
EMP00354,162737,18069,2
EMP00355,76978,33643,10
EMP00356,32053,9886,15
EMP00357,156068,29158,34
EMP00358,161159,6035,31
EMP00359,124739,24912,24
EMP00360,50138,40865,8
EMP00361,69370,34228,6
EMP00362,82331,9202,16
EMP00363,173621,19957,20
EMP00364,104258,21681,16
EMP00365,40452,37624,12
EMP00366,158441,29279,36
EMP00367,136004,14709,33
EMP00368,159448,37700,5
EMP00369,126121,5376,9
EMP00370,110668,27028,33
EMP00371,155082,35214,17
EMP00372,95578,23438,4
EMP00373,72805,17832,33
EMP00374,62889,10968,37
EMP00375,64597,31758,26
EMP00376,48029,32900,22
EMP00377,162130,45398,2
EMP00378,57889,42591,33
EMP00379,119698,47555,14
EMP00380,112276,38642,12
EMP00381,140773,26486,32
EMP00382,139262,20775,11
EMP00383,175427,45869,2
EMP00384,29364,5460,6
EMP00385,105722,28550,30
EMP00386,154045,20361,16
EMP00387,32016,8108,18
EMP00388,95524,19105,36
EMP00389,172612,27700,28
EMP00390,27157,5923,39
EMP00391,68740,30675,9
EMP00392,104921,23330,33
EMP00393,80753,7853,23
EMP00394,81670,7742,40
EMP00395,33279,45609,9
EMP00396,117698,46348,11
EMP00397,58385,23709,23
EMP00398,145315,42535,31
EMP00399,157927,43176,34
EMP00400,161598,49550,35
EMP00401,132697,42553,9
EMP00402,59829,6148,3
EMP00403,55068,36776,7
EMP00404,90771,48634,6
EMP00405,164779,6205,6
EMP00406,25312,27378,24
EMP00407,69643,25711,8
EMP00408,166176,38842,36
EMP00409,128500,17507,30
EMP00410,114219,31845,21
EMP00411,49393,36283,22
EMP00412,156443,26395,35
EMP00413,151098,16237,11
EMP00414,44207,41430,35
EMP00415,98429,47186,12
EMP00416,25698,12629,26
EMP00417,78856,25315,14
EMP00418,128209,42750,40
EMP00419,147323,10655,18
EMP00420,107041,28502,24
EMP00421,73694,33243,20
EMP00422,44689,18633,20
EMP00423,66992,19153,11
EMP00424,154776,40460,18
EMP00425,157573,32697,28
EMP00426,49072,23769,14
EMP00427,154504,12066,11
EMP00428,29215,41199,19
EMP00429,49827,25224,38
EMP00430,125164,37747,9
EMP00431,73340,17321,23
EMP00432,165567,43536,11
EMP00433,126922,35662,16
EMP00434,100885,29459,23
EMP00435,111516,42262,34
EMP00436,117373,42617,5
EMP00437,41160,45529,8
EMP00438,150253,37884,40
EMP00439,113054,48759,21
EMP00440,169683,33733,29
EMP00441,71083,49478,1
EMP00442,68535,21851,20
EMP00443,77317,32169,23
EMP00444,101419,13981,36
EMP00445,174500,22109,17
EMP00446,113258,7075,29
EMP00447,141707,43226,5
EMP00448,141928,45494,35
EMP00449,42943,33945,8
EMP00450,159501,17505,38
EMP00451,143490,41131,39
EMP00452,157978,43703,30
EMP00453,64675,9561,25
EMP00454,27951,20245,17
EMP00455,173930,44491,9
EMP00456,117516,16484,33
EMP00457,46027,46415,36
EMP00458,111194,48469,8
EMP00459,102277,27821,36
EMP00460,139725,11592,25
EMP00461,90601,43986,18
EMP00462,124776,39732,25
EMP00463,145590,5694,29
EMP00464,139172,34843,12
EMP00465,33416,32126,12
EMP00466,32550,43411,25
EMP00467,34804,17956,9
EMP00468,48901,33999,28
EMP00469,31107,39064,12
EMP00470,127040,16876,34
EMP00471,114942,21431,24
EMP00472,142635,8782,6
EMP00473,88202,21111,34
EMP00474,152181,5535,15
EMP00475,110265,45383,6
EMP00476,49181,45845,19
EMP00477,111230,41655,11
EMP00478,151376,43985,5
EMP00479,164206,20158,22
EMP00480,139393,32494,24
EMP00481,123508,43798,30
EMP00482,95355,13623,3
EMP00483,64492,41262,23
EMP00484,112415,37736,34
EMP00485,56155,43271,30
EMP00486,173743,6574,2
EMP00487,163078,18758,24
EMP00488,34366,48474,30
EMP00489,164591,36890,7
EMP00490,102298,39913,9
EMP00491,117496,25522,30
EMP00492,83025,17064,33
EMP00493,169618,13267,28
EMP00494,54877,44117,0
EMP00495,139801,17960,28
EMP00496,132373,9231,19
EMP00497,83905,40164,40
EMP00498,61039,27310,27
EMP00499,130898,8348,10
EMP00500,65776,11157,37
EMP00501,151594,48423,37
EMP00502,85622,32573,2
EMP00503,30293,17006,8
EMP00504,125060,39602,39
EMP00505,96421,24542,14
EMP00506,125197,30479,11
EMP00507,139497,24750,24
EMP00508,38054,23916,40
EMP00509,171439,26638,25
EMP00510,159916,31535,20
EMP00511,171264,46310,6
EMP00512,171683,17915,16
EMP00513,78497,20331,36
EMP00514,127260,9817,30
EMP00515,173850,38692,24
EMP00516,40782,42587,4
EMP00517,69297,26507,39
EMP00518,141276,21913,13
EMP00519,170176,20056,18
EMP00520,68617,9404,24
EMP00521,141292,13895,25
EMP00522,64022,22385,16
EMP00523,63556,38602,35
EMP00524,132941,44581,28
EMP00525,107834,16285,16
EMP00526,38352,10070,31
EMP00527,149066,45366,22
EMP00528,68798,9295,5
EMP00529,176642,8487,16
EMP00530,75240,7889,23
EMP00531,70571,26372,38
EMP00532,45489,40158,20
EMP00533,157335,44901,28
EMP00534,50558,17957,38
EMP00535,51003,17353,33
EMP00536,148847,36030,0
EMP00537,139380,30755,3
EMP00538,36607,21944,9
EMP00539,118075,37912,30
EMP00540,72791,48216,29
EMP00541,124917,31620,39
EMP00542,91954,48437,24
EMP00543,88340,20437,20
EMP00544,104498,6078,1
EMP00545,70558,29045,30
EMP00546,46830,40086,25
EMP00547,144525,16888,9
EMP00548,96911,20766,12
EMP00549,58183,31743,35
EMP00550,127560,19317,4
EMP00551,104020,33931,8
EMP00552,45627,25553,30
EMP00553,51274,45997,6
EMP00554,54688,36798,7
EMP00555,164443,39935,36
EMP00556,28765,12443,6
EMP00557,43668,34296,34
EMP00558,120551,5947,12
EMP00559,66228,30124,38
EMP00560,59192,43529,31
EMP00561,173378,22987,21
EMP00562,139709,41114,21
EMP00563,31283,31153,0
EMP00564,35702,6392,36
EMP00565,90685,24615,2
EMP00566,68817,19939,15
EMP00567,107177,42911,36
EMP00568,129079,15918,4
EMP00569,114672,42011,22
EMP00570,53633,9131,3
EMP00571,108895,6388,31
EMP00572,100902,22452,39
EMP00573,52171,35191,35
EMP00574,95709,32114,33
EMP00575,107749,5173,33
EMP00576,140051,31417,28
EMP00577,83844,17942,33
EMP00578,65722,37663,22
EMP00579,62409,47621,25
EMP00580,85745,13401,1
EMP00581,158616,12089,33
EMP00582,146282,38814,32
EMP00583,38722,39999,28
EMP00584,146719,36398,2
EMP00585,35561,40750,20
EMP00586,91300,28648,10
EMP00587,70464,38720,9
EMP00588,172137,6216,4
EMP00589,152298,45778,3
EMP00590,165283,8822,8
EMP00591,121438,35828,13
EMP00592,170585,27918,31
EMP00593,102227,36839,8
EMP00594,172684,14548,33
EMP00595,34333,16149,2
EMP00596,127307,41632,19
EMP00597,164480,26944,29
EMP00598,64561,17002,1
EMP00599,99556,34175,15
EMP00600,87290,21478,11
EMP00601,71964,19763,16
EMP00602,33066,38164,27
EMP00603,26290,29235,22
EMP00604,74992,12759,11
EMP00605,105008,13935,37
EMP00606,80735,33146,23
EMP00607,156328,30200,18
EMP00608,58961,21989,16
EMP00609,123762,20683,40
EMP00610,32694,27498,6
EMP00611,111544,39305,9
EMP00612,89383,10970,21
EMP00613,82113,36948,21
EMP00614,55011,38087,14
EMP00615,83575,12116,10
EMP00616,102488,25667,9
EMP00617,60355,11196,1
EMP00618,46916,29021,12
EMP00619,78349,39538,35
EMP00620,150062,38959,18
EMP00621,152302,46369,7
EMP00622,162097,15749,24
EMP00623,146246,29487,22
EMP00624,108070,46122,2
EMP00625,152258,22425,18
EMP00626,149299,40322,40
EMP00627,136709,38675,29
EMP00628,30515,22545,30
EMP00629,102324,27404,16
EMP00630,150077,22431,21
EMP00631,144874,46554,40
EMP00632,72881,6062,15
EMP00633,44893,26676,24
EMP00634,69474,43969,29
EMP00635,43191,31959,4
EMP00636,166574,29932,24
EMP00637,32130,23095,26
EMP00638,113976,25452,21
EMP00639,36619,41369,5
EMP00640,113195,13686,2
EMP00641,130845,22899,38
EMP00642,73924,41708,31
EMP00643,57510,27931,25
EMP00644,44601,19091,14
EMP00645,97112,25623,2
EMP00646,54443,39650,19
EMP00647,84156,16505,15
EMP00648,176231,30978,9
EMP00649,150222,5958,15
EMP00650,112295,5325,36
EMP00651,175500,13940,3
EMP00652,55739,42360,36
EMP00653,167688,13304,4
EMP00654,39410,12429,33
EMP00655,73802,20206,16
EMP00656,68072,49460,23
EMP00657,96636,29470,1
EMP00658,105770,20933,1
EMP00659,69640,39079,1
EMP00660,135785,48671,10
EMP00661,152560,29975,14
EMP00662,54971,10895,29
EMP00663,29677,48147,40
EMP00664,124927,15966,14
EMP00665,36694,20181,37
EMP00666,159240,23718,37
EMP00667,84294,43298,33
EMP00668,67013,36007,3
EMP00669,115596,6819,17
EMP00670,92363,21003,25
EMP00671,178226,36730,20
EMP00672,33975,46592,20
EMP00673,116757,25192,2
EMP00674,90296,29804,4
EMP00675,166215,18499,9
EMP00676,126714,33159,4
EMP00677,166449,25784,26
EMP00678,34442,5669,1
EMP00679,126716,8713,0
EMP00680,45649,31494,2
EMP00681,27526,17439,38
EMP00682,63620,25166,20
EMP00683,74774,47568,34
EMP00684,140062,36064,19
EMP00685,169445,39125,18
EMP00686,149642,49740,8
EMP00687,119162,13152,0
EMP00688,32156,34951,16
EMP00689,94310,13576,6
EMP00690,160054,29029,11
EMP00691,133543,17442,37
EMP00692,143445,26058,19
EMP00693,139140,25229,23
EMP00694,78259,19012,39
EMP00695,42994,19533,29
EMP00696,25776,31948,3
EMP00697,50286,26889,21
EMP00698,160232,45351,32
EMP00699,44832,47684,3
EMP00700,34173,18042,12
EMP00701,175816,46632,36
EMP00702,143143,16718,10
EMP00703,28269,45262,11
EMP00704,134819,40968,6
EMP00705,125726,38110,14
EMP00706,125197,44072,9
EMP00707,82396,11265,27
EMP00708,142990,42724,1
EMP00709,39638,13648,24
EMP00710,97913,33212,40
EMP00711,127200,14978,30
EMP00712,81834,37258,29
EMP00713,168745,42082,24
EMP00714,33265,36738,27
EMP00715,126977,12332,15
EMP00716,153744,7459,15
EMP00717,40877,47771,11
EMP00718,171647,49123,25
EMP00719,162634,46522,12
EMP00720,83217,36616,38
EMP00721,132244,42730,28
EMP00722,179229,18853,19
EMP00723,160732,28194,28
EMP00724,162365,32210,10
EMP00725,178417,46364,11
EMP00726,93210,35992,16
EMP00727,92512,23125,18
EMP00728,156907,37608,3
EMP00729,31586,45559,31
EMP00730,147553,10555,25
EMP00731,88412,22247,5
EMP00732,122204,9353,21
EMP00733,28301,18149,24
EMP00734,135842,12717,39
EMP00735,67453,28846,1
EMP00736,45705,24805,17
EMP00737,71765,9155,38
EMP00738,151982,43761,15
EMP00739,74411,48994,38
EMP00740,126701,6955,1
EMP00741,111614,30926,32
EMP00742,67105,20074,11
EMP00743,167689,15472,14
EMP00744,113935,17444,23
EMP00745,95348,9554,6
EMP00746,72162,13345,24
EMP00747,45018,38298,4
EMP00748,109552,43475,8
EMP00749,88961,29248,12
EMP00750,108129,37576,36
EMP00751,34562,29780,16
EMP00752,166538,33201,26
EMP00753,161550,32066,16
EMP00754,32547,12178,18
EMP00755,107790,5766,2
EMP00756,126065,49230,9
EMP00757,102444,8495,31
EMP00758,139220,5223,32
EMP00759,150202,7423,27
EMP00760,99097,38033,7
EMP00761,60545,25145,28
EMP00762,114364,13576,15
EMP00763,61420,7748,29
EMP00764,139201,23148,13
EMP00765,177952,42273,28
EMP00766,36476,42726,3
EMP00767,47915,32655,1
EMP00768,45054,44064,23
EMP00769,164380,40555,27
EMP00770,125471,5802,29
EMP00771,45828,44224,40
EMP00772,104333,14124,15
EMP00773,130301,24302,5
EMP00774,157716,34326,32
EMP00775,77562,35683,14
EMP00776,155302,14099,27
EMP00777,118153,7400,4
EMP00778,67498,41145,23
EMP00779,174221,33304,26
EMP00780,75701,7739,25
EMP00781,53406,16999,31
EMP00782,38498,49627,4
EMP00783,131809,36983,31
EMP00784,75981,36498,9
EMP00785,25347,12854,38
EMP00786,122616,26859,7
EMP00787,41452,23789,29
EMP00788,130422,43216,15
EMP00789,144397,49401,20
EMP00790,39042,12030,37
EMP00791,135006,18167,17
EMP00792,64223,9882,24
EMP00793,33213,32779,11
EMP00794,134105,14850,34
EMP00795,40518,47045,25
EMP00796,25544,36543,34
EMP00797,101373,30303,30
EMP00798,44771,41631,29
EMP00799,127862,14001,18
EMP00800,136903,48552,1
EMP00801,27154,44013,30
EMP00802,171737,43904,2
EMP00803,117859,39780,11
EMP00804,116199,43213,33
EMP00805,80864,43987,24
EMP00806,40761,29152,0
EMP00807,69149,40372,13
EMP00808,130556,21654,24
EMP00809,65111,49825,26
EMP00810,56816,19685,18
EMP00811,62195,46900,23
EMP00812,69239,7883,37
EMP00813,40133,12055,23
EMP00814,116921,16487,37
EMP00815,125019,38389,31
EMP00816,166730,12543,19
EMP00817,35493,44453,10
EMP00818,140029,14684,0
EMP00819,134489,17032,2
EMP00820,81174,6778,40
EMP00821,44833,32261,9
EMP00822,140139,9144,15
EMP00823,94387,15520,34
EMP00824,32380,47729,39
EMP00825,132308,19892,23
EMP00826,76749,16308,15
EMP00827,155904,34873,24
EMP00828,93195,28742,37
EMP00829,179271,18529,36
EMP00830,153828,15763,23
EMP00831,175340,7854,40
EMP00832,178854,5446,36
EMP00833,129721,32524,32
EMP00834,37075,47558,38
EMP00835,129834,44715,23
EMP00836,78841,30340,23
EMP00837,119929,36059,30
EMP00838,138250,24711,21
EMP00839,46056,28875,13
EMP00840,103090,49367,30
EMP00841,72851,17990,17
EMP00842,80417,39348,19
EMP00843,123396,13221,30
EMP00844,97758,16167,14
EMP00845,97683,22751,35
EMP00846,164831,5499,31
EMP00847,118800,36935,17
EMP00848,121966,15799,15
EMP00849,93832,38751,4
EMP00850,30668,38909,1
EMP00851,103161,40363,25
EMP00852,120583,44398,25
EMP00853,158179,13903,26
EMP00854,67400,16879,32
EMP00855,146237,20823,7
EMP00856,38849,28077,27
EMP00857,165658,20967,37
EMP00858,27782,28570,33
EMP00859,139470,48958,18
EMP00860,96236,26990,3
EMP00861,103406,19632,1
EMP00862,163257,28540,37
EMP00863,60302,29723,29
EMP00864,70289,19080,14
EMP00865,85481,19568,7
EMP00866,65048,48574,30
EMP00867,107494,41107,30
EMP00868,151587,5096,8
EMP00869,66313,21157,22
EMP00870,153429,25586,18
EMP00871,168596,41699,39
EMP00872,66225,7714,36
EMP00873,76480,37792,6
EMP00874,77578,44267,5
EMP00875,30100,8256,27
EMP00876,86892,49614,2
EMP00877,173361,39209,0
EMP00878,98854,42071,28
EMP00879,50282,15738,30
EMP00880,98400,41801,28
EMP00881,160196,5129,5
EMP00882,177125,26615,6
EMP00883,115458,16235,38
EMP00884,127106,31663,37
EMP00885,100424,30828,20
EMP00886,28564,30831,14
EMP00887,89284,39719,33
EMP00888,130544,6962,22
EMP00889,53793,33408,29
EMP00890,38930,13036,26
EMP00891,174286,29108,39
EMP00892,175042,37650,36
EMP00893,116191,17079,12
EMP00894,102339,22362,10
EMP00895,26612,14003,28
EMP00896,147525,22549,21
EMP00897,145937,20049,40
EMP00898,29435,20593,0
EMP00899,138705,39551,15
EMP00900,131489,32804,16
EMP00901,31918,10214,31
EMP00902,136069,40054,25
EMP00903,94843,5581,27
EMP00904,105847,24141,37
EMP00905,98560,35240,2
EMP00906,162042,49463,33
EMP00907,163483,41466,3
EMP00908,154135,37923,22
EMP00909,41100,16793,19
EMP00910,133673,8880,8
EMP00911,128060,15195,40
EMP00912,132774,26001,18
EMP00913,39099,26648,22
EMP00914,84527,11537,7
EMP00915,72817,27679,19
EMP00916,64014,8209,0
EMP00917,40034,39372,5
EMP00918,168691,38189,40
EMP00919,36185,17177,33
EMP00920,170211,48667,10
EMP00921,28756,23740,18
EMP00922,38366,28025,30
EMP00923,123194,35546,10
EMP00924,68130,15098,14
EMP00925,72075,45721,22
EMP00926,116351,26370,25
EMP00927,39455,40754,13
EMP00928,54851,13388,4
EMP00929,27221,15668,0
EMP00930,155891,11735,32
EMP00931,177589,36251,37
EMP00932,57142,14720,0
EMP00933,99286,7266,15
EMP00934,54672,14963,30
EMP00935,178584,28129,11
EMP00936,55424,30481,17
EMP00937,74979,30162,24
EMP00938,42957,39797,4
EMP00939,122631,17758,33
EMP00940,25759,7251,19
EMP00941,116867,48899,37
EMP00942,124981,6056,24
EMP00943,34133,46137,26
EMP00944,99088,11533,4
EMP00945,131357,18186,0
EMP00946,55696,39286,22
EMP00947,170719,37934,2
EMP00948,120805,15858,1
EMP00949,177589,42927,12
EMP00950,105978,36781,30
EMP00951,87287,38857,4
EMP00952,132386,15564,21
EMP00953,128758,35532,8
EMP00954,174073,48908,30
EMP00955,51095,35687,14
EMP00956,71289,30169,7
EMP00957,77389,19243,11
EMP00958,135887,38196,8
EMP00959,155156,21886,21
EMP00960,27488,47237,21
EMP00961,151442,46738,32
EMP00962,150763,12110,32
EMP00963,112672,39215,14
EMP00964,34288,49481,37
EMP00965,173825,8446,9
EMP00966,175303,38211,37
EMP00967,50615,15236,0
EMP00968,58267,12784,4
EMP00969,81197,20853,30
EMP00970,69490,37734,9
EMP00971,162247,22551,17
EMP00972,57372,7509,2
EMP00973,79181,20277,25
EMP00974,68483,17054,25
EMP00975,46312,42868,0
EMP00976,179929,36480,13
EMP00977,127036,17444,11
EMP00978,118091,31642,0
EMP00979,48585,20649,16
EMP00980,166661,19113,37
EMP00981,106173,25797,36
EMP00982,162163,31368,10
EMP00983,90085,24249,16
EMP00984,160547,44303,38
EMP00985,115634,36603,23
EMP00986,107891,34130,31
EMP00987,169129,22916,13
EMP00988,31676,43460,4
EMP00989,51051,7532,16
EMP00990,75722,10909,0
EMP00991,71588,27724,21
EMP00992,105329,49878,16
EMP00993,71168,28297,38
EMP00994,160871,8624,18
EMP00995,157843,12679,27
EMP00996,145734,16392,38
EMP00997,76093,36104,34
EMP00998,91147,30062,27
EMP00999,137004,42608,35
EMP01000,53983,43595,30
EMP01001,90364,36020,27
EMP01002,141980,39383,37
EMP01003,134051,23497,3
EMP01004,83109,22722,33
EMP01005,49300,44055,24
EMP01006,164266,45544,25
EMP01007,89746,32304,14
EMP01008,49359,17933,36
EMP01009,80573,13590,21
EMP01010,38703,10467,33
EMP01011,71244,43546,9
EMP01012,167696,48186,39
EMP01013,88954,27865,28
EMP01014,37354,25381,15
EMP01015,87443,36296,13
EMP01016,50704,13223,24
EMP01017,163848,13209,24
EMP01018,47224,44573,39
EMP01019,134557,24216,6
EMP01020,62818,6255,12
EMP01021,148702,17032,36
EMP01022,174041,47960,14
EMP01023,172215,20582,3
EMP01024,167009,46462,37
EMP01025,43937,30666,18
EMP01026,45752,48287,25
EMP01027,169886,36107,39
EMP01028,151499,48425,9
EMP01029,166279,15473,25
EMP01030,71069,27542,18
EMP01031,66529,8466,15
EMP01032,118401,18255,22
EMP01033,111744,49532,26
EMP01034,28275,35192,11
EMP01035,97596,9330,1
EMP01036,164593,26987,21
EMP01037,155767,30504,6
EMP01038,141792,14601,9
EMP01039,66790,11257,38
EMP01040,59189,48727,10
EMP01041,153050,20700,19
EMP01042,163201,37440,33
EMP01043,99574,19799,1
EMP01044,26253,15692,34
EMP01045,60505,17111,19
EMP01046,99179,43589,0
EMP01047,140096,26673,6
EMP01048,141716,18199,35
EMP01049,68319,46511,6
EMP01050,176499,42155,17
EMP01051,102976,48972,36
EMP01052,83387,22411,34
EMP01053,61573,13801,20
EMP01054,157748,15921,4
EMP01055,105400,9671,30
EMP01056,178305,43709,9
EMP01057,31423,5992,15
EMP01058,74799,45582,3
EMP01059,42376,38657,20
EMP01060,134808,22280,13
EMP01061,150402,28358,4
EMP01062,123715,46438,26
EMP01063,139390,16360,5
EMP01064,147647,6124,7
EMP01065,142616,17624,13
EMP01066,166161,16244,16
EMP01067,150861,16363,17
EMP01068,139746,11997,8
EMP01069,93741,36400,8
EMP01070,76268,15354,34
EMP01071,122168,14747,7
EMP01072,119413,11734,18
EMP01073,168280,25866,19
EMP01074,95186,28219,31
EMP01075,85879,38624,0
EMP01076,116334,20832,26
EMP01077,161736,17786,37
EMP01078,65439,47387,15
EMP01079,104263,17626,36
EMP01080,59192,30426,20
EMP01081,100937,6629,1
EMP01082,108988,22840,18
EMP01083,69000,24698,24
EMP01084,73251,11912,8
EMP01085,46507,20893,28
EMP01086,134665,25670,34
EMP01087,140527,9694,15
EMP01088,134267,42814,27
EMP01089,34574,5258,35
EMP01090,109769,5382,17
EMP01091,66480,7723,9
EMP01092,124859,8126,13
EMP01093,112210,11746,6
EMP01094,47277,5275,39
EMP01095,172523,40737,40
EMP01096,91313,19826,0
EMP01097,83104,31593,19
EMP01098,104226,45063,15
EMP01099,82074,40023,1
EMP01100,83771,37507,3
EMP01101,101483,12417,3
EMP01102,103864,29478,34
EMP01103,61312,18723,22
EMP01104,49854,32930,19
EMP01105,39863,48571,30
EMP01106,46967,20962,29
EMP01107,171692,19141,15
EMP01108,102766,13180,40
EMP01109,28862,47913,23
EMP01110,135514,45567,18
EMP01111,150371,46627,16
EMP01112,43341,41275,17
EMP01113,148590,17990,28
EMP01114,51947,24070,18
EMP01115,176207,41088,31
EMP01116,112248,39474,14
EMP01117,102086,32550,37
EMP01118,166661,26650,38
EMP01119,69582,24586,3
EMP01120,108206,15705,10
EMP01121,78683,40756,12
EMP01122,144873,23885,22
EMP01123,83076,23492,8
EMP01124,172615,21373,27
EMP01125,173546,45460,37
EMP01126,37451,47698,15
EMP01127,145620,36005,15
EMP01128,65391,36398,9
EMP01129,73166,21414,21
EMP01130,146419,10175,0
EMP01131,41771,33100,25
EMP01132,126831,23897,8
EMP01133,179428,17870,14
EMP01134,139708,19519,1
EMP01135,108412,46345,29
EMP01136,153596,41865,29
EMP01137,124353,14320,36
EMP01138,87549,16559,19
EMP01139,67180,12605,32
EMP01140,59124,43623,29
EMP01141,123329,14355,16
EMP01142,133286,17994,36
EMP01143,51309,16888,40
EMP01144,43181,44551,28
EMP01145,111411,5572,5
EMP01146,71999,35363,10
EMP01147,68826,35080,16
EMP01148,132383,23284,34
EMP01149,45609,14097,14
EMP01150,74434,31194,33
EMP01151,176375,32264,16
EMP01152,85586,23355,19
EMP01153,101310,44315,26
EMP01154,128570,11101,34
EMP01155,34277,33079,15
EMP01156,70521,37919,13
EMP01157,49410,33956,30
EMP01158,71257,28834,3
EMP01159,37537,9972,35
EMP01160,109778,21567,9
EMP01161,161178,19954,38
EMP01162,44735,26140,23
EMP01163,60910,29961,24
EMP01164,112248,34330,5
EMP01165,100286,7461,10
EMP01166,156516,36811,16
EMP01167,158106,27323,19
EMP01168,168498,49911,14
EMP01169,168634,41742,17
EMP01170,158258,18291,38
EMP01171,32437,38566,26
EMP01172,112893,46846,5
EMP01173,174939,30842,34
EMP01174,103057,26173,9
EMP01175,135593,33992,22
EMP01176,34351,16151,8
EMP01177,164441,49028,37
EMP01178,87834,38267,11
EMP01179,101445,38174,11
EMP01180,121081,31116,26
EMP01181,60500,16437,9
EMP01182,75393,11437,29
EMP01183,154063,29918,11
EMP01184,102153,47676,20
EMP01185,99548,45580,8
EMP01186,45080,44845,17
EMP01187,61552,42061,1
EMP01188,77363,41097,20
EMP01189,120462,37150,25
EMP01190,82718,24484,29
EMP01191,61435,8191,2
EMP01192,104874,38659,24
EMP01193,73607,5285,25
EMP01194,87315,23273,38
EMP01195,98436,38239,31
EMP01196,108914,6757,5
EMP01197,92607,8721,26
EMP01198,178329,9442,25
EMP01199,64118,5288,26
EMP01200,59611,26088,2
EMP01201,37431,24611,3
EMP01202,83797,10765,7
EMP01203,124196,40368,35
EMP01204,44516,35307,28
EMP01205,70363,17105,15
EMP01206,80060,36730,20
EMP01207,178809,19827,24
EMP01208,67078,42016,29
EMP01209,68009,42719,5
EMP01210,117656,10172,37
EMP01211,119264,36016,18
EMP01212,86689,48745,14
EMP01213,58851,31784,24
EMP01214,31291,45883,24
EMP01215,34929,24973,22
EMP01216,76804,37518,23
EMP01217,137658,12333,7
EMP01218,40977,19045,13
EMP01219,67493,38859,24
EMP01220,68597,7807,19
EMP01221,105580,16992,26
EMP01222,122470,22073,16
EMP01223,128876,49009,5
EMP01224,121857,43064,32
EMP01225,162384,28988,35
EMP01226,35179,48221,30
EMP01227,58544,13334,12
EMP01228,66860,31704,37
EMP01229,126898,38767,34
EMP01230,130254,18715,24
EMP01231,90096,7415,5
EMP01232,63270,13610,38
EMP01233,125045,14416,21
EMP01234,88839,30301,28
EMP01235,58991,45875,31
EMP01236,87121,32414,32
EMP01237,130162,29691,22
EMP01238,98939,8928,22
EMP01239,140108,26603,26
EMP01240,109444,14551,17
EMP01241,107891,48017,1
EMP01242,61224,21109,30
EMP01243,173279,25875,19
EMP01244,51626,39381,30
EMP01245,126248,37719,21
EMP01246,153703,49270,20
EMP01247,76221,44499,32
EMP01248,136591,23676,24
EMP01249,149351,29005,8
EMP01250,26342,38469,1
EMP01251,99007,44541,33
EMP01252,129215,12551,25
EMP01253,150194,21111,13
EMP01254,124166,33523,36
EMP01255,40518,39503,27
EMP01256,138801,20034,13
EMP01257,160547,8465,32
EMP01258,165388,21040,37
EMP01259,118374,42549,5
EMP01260,153294,29407,20
EMP01261,82861,49216,18
EMP01262,78636,39209,1
EMP01263,88499,31619,14
EMP01264,100227,38070,28
EMP01265,101963,15069,9
EMP01266,59435,49347,38
EMP01267,106734,47116,5
EMP01268,26584,38128,22
EMP01269,121634,30107,17
EMP01270,106874,29419,6
EMP01271,106369,45019,29
EMP01272,41550,20198,4
EMP01273,29645,12305,37
EMP01274,178192,23142,35
EMP01275,179554,11208,25
EMP01276,121200,27801,25
EMP01277,65693,6752,32
EMP01278,30866,49664,16
EMP01279,100342,36168,0
EMP01280,132166,19589,20
EMP01281,117164,16242,11
EMP01282,27152,33996,5
EMP01283,57185,19695,17
EMP01284,139928,17183,29
EMP01285,35495,23816,34
EMP01286,176043,26358,27
EMP01287,166629,20880,8
EMP01288,136604,22571,4
EMP01289,106148,15545,23
EMP01290,152392,28892,21
EMP01291,112583,22724,26
EMP01292,37775,24762,33
EMP01293,104710,16726,3
EMP01294,44988,30098,18
EMP01295,176282,31013,29
EMP01296,155918,45048,30
EMP01297,66152,43470,17
EMP01298,151562,22592,37
EMP01299,74469,29075,11
EMP01300,157506,20337,36
EMP01301,51336,40873,3
EMP01302,123831,14528,17
EMP01303,179341,16214,7
EMP01304,164319,31366,7
EMP01305,40385,46742,37
EMP01306,151875,30273,27
EMP01307,176768,49428,5
EMP01308,150799,49644,22
EMP01309,81886,9342,22
EMP01310,164771,14234,35
EMP01311,97558,29646,3
EMP01312,30216,23929,16
EMP01313,83401,47712,15
EMP01314,33873,24470,28
EMP01315,90643,16678,15
EMP01316,40587,6412,30
EMP01317,155921,27431,37
EMP01318,125663,21017,19
EMP01319,142263,16664,35
EMP01320,127981,37532,34
EMP01321,52828,19952,25
EMP01322,51544,16263,1
EMP01323,165590,40726,25
EMP01324,152216,40479,23
EMP01325,159096,25718,25
EMP01326,96982,37199,18
EMP01327,26274,34535,2
EMP01328,58553,41743,17
EMP01329,170900,23949,29
EMP01330,124046,23557,22
EMP01331,82399,34816,14
EMP01332,124153,45440,13
EMP01333,145049,19931,40
EMP01334,53812,46325,30
EMP01335,175111,12840,0
EMP01336,155939,18943,25
EMP01337,94884,20540,27
EMP01338,131304,25982,34
EMP01339,48646,41061,39
EMP01340,116654,23228,25
EMP01341,125044,43418,35
EMP01342,116365,6129,17
EMP01343,87282,10510,24
EMP01344,89938,34127,10
EMP01345,125116,24521,7
EMP01346,36611,40035,20
EMP01347,37067,13599,35
EMP01348,50757,19126,27
EMP01349,174622,39495,0
EMP01350,55505,37593,7
EMP01351,81775,33172,13
EMP01352,44315,23819,24
EMP01353,53858,14614,23
EMP01354,172481,24729,24
EMP01355,143253,9872,8
EMP01356,91280,48857,1
EMP01357,120679,18782,21
EMP01358,75773,33530,23
EMP01359,174609,39900,40
EMP01360,71696,17526,1
EMP01361,121757,18535,24
EMP01362,174505,10282,12
EMP01363,145247,32491,34
EMP01364,46818,8454,36
EMP01365,138990,44046,10
EMP01366,122485,10751,0
EMP01367,95296,18598,9
EMP01368,69857,44018,19
EMP01369,145989,28594,11
EMP01370,87361,38285,30
EMP01371,37974,42169,25
EMP01372,110244,14864,5
EMP01373,179865,25209,35
EMP01374,136825,37346,33
EMP01375,119680,22487,18
EMP01376,165170,47619,6
EMP01377,26587,18644,16
EMP01378,94929,43776,13
EMP01379,159934,25447,12
EMP01380,149829,25291,12
EMP01381,175924,12488,10
EMP01382,56016,23145,21
EMP01383,79431,18586,3
EMP01384,131813,13295,37
EMP01385,146632,25249,1
EMP01386,65900,30436,29
EMP01387,92652,16306,35
EMP01388,153155,48487,36
EMP01389,143086,17171,23
EMP01390,32129,42352,30
EMP01391,132911,32524,38
EMP01392,87912,9426,28
EMP01393,115691,47654,32
EMP01394,94582,39426,15
EMP01395,176166,5336,29
EMP01396,67474,38452,30
EMP01397,87531,40556,30
EMP01398,153406,11370,14
EMP01399,82703,10084,10
EMP01400,118817,30684,9
EMP01401,70148,23369,30
EMP01402,49970,15876,13
EMP01403,102109,43998,13
EMP01404,52191,43136,6
EMP01405,60244,35719,11
EMP01406,54241,8122,29
EMP01407,35888,32280,16
EMP01408,177532,19844,6
EMP01409,57255,11023,5
EMP01410,84590,13460,21
EMP01411,26381,15160,0
EMP01412,78308,5134,9
EMP01413,179997,38174,22
EMP01414,85093,17016,39
EMP01415,92190,36009,12
EMP01416,84174,6731,18
EMP01417,140322,45591,13
EMP01418,36726,23138,38
EMP01419,65065,18715,28
EMP01420,80371,24122,5
EMP01421,171231,22171,29
EMP01422,68067,33780,8
EMP01423,66604,7548,31
EMP01424,146773,17549,24
EMP01425,113377,32903,21
EMP01426,42226,35743,40
EMP01427,52126,34011,29
EMP01428,33674,39647,0
EMP01429,111627,10608,36
EMP01430,178000,25677,35
EMP01431,140830,26698,2
EMP01432,45642,8180,14
EMP01433,135441,10392,6
EMP01434,178458,5374,7
EMP01435,98961,15984,12
EMP01436,58974,9298,22
EMP01437,31082,10189,19
EMP01438,75018,20269,31
EMP01439,178688,38081,26
EMP01440,154673,17809,38
EMP01441,67836,40593,30
EMP01442,175909,25162,30
EMP01443,92427,13869,38
EMP01444,36138,12138,7
EMP01445,61027,30261,33
EMP01446,140032,15433,21
EMP01447,91658,19550,21
EMP01448,72069,36145,0
EMP01449,55739,23515,22
EMP01450,55615,31069,7
EMP01451,149067,20777,28
EMP01452,69577,47375,34
EMP01453,83156,10313,13
EMP01454,133788,45341,34
EMP01455,94775,39604,5
EMP01456,62575,9584,24
EMP01457,113840,11509,7
EMP01458,136634,5417,10
EMP01459,52459,23819,39
EMP01460,49875,28311,24
EMP01461,37258,13058,40
EMP01462,136280,36562,35
EMP01463,136403,38494,22
EMP01464,149300,29078,21
EMP01465,71782,10292,15
EMP01466,111942,22951,5
EMP01467,111188,39737,25
EMP01468,57530,23850,6
EMP01469,61182,47269,11
EMP01470,39466,44439,34
EMP01471,104409,17960,6
EMP01472,56117,25512,2
EMP01473,91852,9594,1
EMP01474,152123,39874,16
EMP01475,129807,34372,5
EMP01476,156543,8753,19
EMP01477,86000,25149,27
EMP01478,30422,26236,24
EMP01479,119370,15505,7
EMP01480,163003,36887,24
EMP01481,43676,24062,24
EMP01482,112201,23962,36
EMP01483,133098,33815,36
EMP01484,103584,7272,8
EMP01485,37641,38305,31
EMP01486,63585,29344,28
EMP01487,150642,5290,2
EMP01488,40433,30671,35
EMP01489,112431,46911,37
EMP01490,57270,32169,12
EMP01491,69066,47098,13
EMP01492,53501,22614,37
EMP01493,78520,48532,18
EMP01494,110822,20407,14
EMP01495,148003,14628,29
EMP01496,139668,13740,18
EMP01497,130128,37757,3
EMP01498,127201,7573,2
EMP01499,43517,47817,30
EMP01500,76899,44683,21
EMP01501,107383,14402,38
EMP01502,142048,6478,3
EMP01503,113885,41422,0
EMP01504,88968,31956,16
EMP01505,97248,18332,4
EMP01506,41402,45771,18
EMP01507,29829,13672,31
EMP01508,69926,32335,35
EMP01509,72166,45778,26
EMP01510,120435,44343,16
EMP01511,129826,40306,19
EMP01512,90679,15090,30
EMP01513,158767,45554,6
EMP01514,151429,40022,11
EMP01515,167920,49095,10
EMP01516,153479,34054,32
EMP01517,158188,44954,1
EMP01518,156972,9765,3
EMP01519,128300,28931,39
EMP01520,73749,46412,35
EMP01521,85130,29773,9
EMP01522,72681,28511,14
EMP01523,93016,31662,1
EMP01524,116488,9431,29
EMP01525,103759,34915,14
EMP01526,86224,34596,32
EMP01527,63938,9758,24
EMP01528,145432,48304,13
EMP01529,146658,32674,0
EMP01530,119408,19553,2
EMP01531,42222,38553,35
EMP01532,51127,11254,31
EMP01533,157543,31282,12
EMP01534,145938,13797,14
EMP01535,151460,20270,17
EMP01536,71319,38417,24
EMP01537,55446,20316,19
EMP01538,170323,25697,3
EMP01539,54015,8880,11
EMP01540,124917,44060,22
EMP01541,115951,11878,25
EMP01542,148776,40944,29
EMP01543,41690,11711,0
EMP01544,34904,30107,24
EMP01545,64761,35668,33
EMP01546,168947,7974,26
EMP01547,178882,5237,7
EMP01548,34647,31786,5
EMP01549,62934,10168,11
EMP01550,143709,38611,9
EMP01551,140874,6131,21
EMP01552,56802,11545,37
EMP01553,118858,19262,26
EMP01554,126838,44837,16
EMP01555,89433,38033,34
EMP01556,139628,27355,19
EMP01557,137138,20677,31
EMP01558,157341,40028,2
EMP01559,34930,33739,29
EMP01560,76018,25190,11
EMP01561,105944,47284,29
EMP01562,63327,21705,21
EMP01563,89019,36325,2
EMP01564,68443,20903,24
EMP01565,176046,20504,23
EMP01566,145055,49014,33
EMP01567,46502,30140,4
EMP01568,51200,30523,23
EMP01569,125390,21769,34
EMP01570,72165,16409,8
EMP01571,176489,15637,31
EMP01572,28949,41794,6
EMP01573,56772,19455,29
EMP01574,85402,14350,38
EMP01575,47835,6023,0
EMP01576,162160,30620,15
EMP01577,78740,25476,32
EMP01578,36047,5295,4
EMP01579,44047,46685,4
EMP01580,51802,32980,24
EMP01581,83327,31572,25
EMP01582,112975,41582,28
EMP01583,68856,38707,31
EMP01584,45270,43053,0
EMP01585,77477,28441,14
EMP01586,86189,30331,2
EMP01587,87680,41043,23
EMP01588,80440,41775,18
EMP01589,176406,47141,14
EMP01590,142864,25329,0
EMP01591,58541,39175,37
EMP01592,73525,47271,33
EMP01593,111020,48089,36
EMP01594,145337,15114,5
EMP01595,86995,20102,16
EMP01596,63861,38521,0
EMP01597,148090,36730,31
EMP01598,61590,48338,3
EMP01599,176756,48571,16
EMP01600,130229,23344,37
EMP01601,173246,28887,13
EMP01602,53855,15364,7
EMP01603,73254,37086,29
EMP01604,116698,49826,20
EMP01605,124143,41145,17
EMP01606,135653,6589,21
EMP01607,25051,47093,32
EMP01608,100154,40574,23
EMP01609,72318,24841,30
EMP01610,164701,23548,34
EMP01611,91929,22270,9
EMP01612,34071,23609,3
EMP01613,74421,16834,7
EMP01614,121900,20113,40
EMP01615,26480,6094,6
EMP01616,129771,9128,8
EMP01617,100013,20953,21
EMP01618,64987,10400,30
EMP01619,144217,38274,10
EMP01620,51486,11284,22
EMP01621,149283,19400,1
EMP01622,112502,28662,38
EMP01623,164415,25562,32
EMP01624,66110,41182,28
EMP01625,162692,32096,20
EMP01626,64324,44294,6
EMP01627,133585,19337,34
EMP01628,129285,23415,39
EMP01629,179549,24811,30
EMP01630,124088,38888,4
EMP01631,152600,26824,40
EMP01632,78468,10962,16
EMP01633,85710,15483,9
EMP01634,87846,22144,40
EMP01635,172218,10235,33
EMP01636,47571,40528,3
EMP01637,58317,7502,37
EMP01638,128156,17390,23
EMP01639,117966,45588,27
EMP01640,63597,28732,12
EMP01641,161465,27347,11
EMP01642,29737,22548,24
EMP01643,152764,46245,18
EMP01644,164562,7033,36
EMP01645,156522,32314,11
EMP01646,119742,23412,15
EMP01647,39304,48644,22
EMP01648,143294,13121,15
EMP01649,108867,33647,25
EMP01650,107868,17934,16
EMP01651,35255,37077,38
EMP01652,99351,18453,10
EMP01653,160883,48140,40
EMP01654,141511,28338,4
EMP01655,178641,30686,4
EMP01656,32738,22056,9
EMP01657,49924,24380,12
EMP01658,164572,15100,23
EMP01659,95823,28968,36
EMP01660,78571,12513,16
EMP01661,173223,17209,34
EMP01662,175350,21479,3
EMP01663,144563,34671,19
EMP01664,145258,37786,38
EMP01665,144592,9092,7
EMP01666,59743,17626,16
EMP01667,69668,43254,24
EMP01668,130063,36833,26
EMP01669,62868,26944,6
EMP01670,56064,26880,9
EMP01671,92221,16526,10
EMP01672,75993,16322,12
EMP01673,30675,29510,37
EMP01674,159130,16267,21
EMP01675,92324,21683,36
EMP01676,175647,37640,11
EMP01677,75124,23853,26
EMP01678,66321,22372,7
EMP01679,31028,37466,14
EMP01680,155144,45470,25
EMP01681,124576,9346,4
EMP01682,68385,49643,14
EMP01683,39183,8357,16
EMP01684,91236,35970,4
EMP01685,26263,41475,20
EMP01686,130888,17113,35
EMP01687,148493,9428,0
EMP01688,97507,37338,10
EMP01689,68565,23926,16
EMP01690,35694,16774,0
EMP01691,107973,21610,4
EMP01692,73178,20739,17
EMP01693,26087,27272,6
EMP01694,102113,44599,30
EMP01695,97448,23222,40
EMP01696,72888,24642,15
EMP01697,38894,30539,17
EMP01698,64839,27965,10
EMP01699,49765,5240,28
EMP01700,101488,8204,28
EMP01701,63180,12811,22
EMP01702,165851,33408,17
EMP01703,49863,13554,1
EMP01704,143870,13839,3
EMP01705,62078,26434,35
EMP01706,161409,16419,12
EMP01707,156994,41232,5
EMP01708,107224,28697,7
EMP01709,149221,19670,5
EMP01710,112173,20418,40
EMP01711,105006,38030,36
EMP01712,114686,21667,11
EMP01713,149427,49494,3
EMP01714,173157,30868,28
EMP01715,121146,49640,17
EMP01716,170896,21170,34
EMP01717,65251,10816,9
EMP01718,68057,6952,4
EMP01719,144331,48447,24
EMP01720,102436,33311,12
EMP01721,108033,42007,7
EMP01722,142904,14340,39
EMP01723,48312,40477,33
EMP01724,51372,44900,8
EMP01725,134981,25502,0
EMP01726,105916,32369,29
EMP01727,164777,49830,31
EMP01728,113141,23302,24
EMP01729,60123,43965,0
EMP01730,178566,21657,18
EMP01731,68650,29405,35
EMP01732,136271,9396,4
EMP01733,44029,9598,33
EMP01734,85080,45189,4
EMP01735,127615,35634,6
EMP01736,123385,35277,37
EMP01737,102863,26501,23
EMP01738,179577,16316,22
EMP01739,110672,18727,17
EMP01740,162214,35593,31
EMP01741,126182,44733,5
EMP01742,135600,12175,25
EMP01743,85508,49822,20
EMP01744,174657,5184,9
EMP01745,109373,21596,3
EMP01746,97287,25304,13
EMP01747,49504,18846,23
EMP01748,174808,39914,10
EMP01749,136303,33858,40
EMP01750,53621,6137,13
EMP01751,66465,7241,23
EMP01752,86222,38563,32
EMP01753,85522,15634,3
EMP01754,135936,35802,8
EMP01755,94024,9428,39
EMP01756,76888,39446,33
EMP01757,79156,33650,32
EMP01758,28838,34149,37
EMP01759,97171,18020,27
EMP01760,39304,30851,18
EMP01761,105497,8533,18
EMP01762,116696,42437,6
EMP01763,161321,14447,4
EMP01764,108677,14743,3
EMP01765,107061,39506,5
EMP01766,116052,49182,24
EMP01767,49048,35569,30
EMP01768,112667,22322,2
EMP01769,147777,19210,39
EMP01770,80603,6076,31
EMP01771,135419,34387,33
EMP01772,81226,10441,38
EMP01773,161281,5917,3
EMP01774,107230,27760,5
EMP01775,59674,30880,5
EMP01776,36067,16015,17
EMP01777,179608,44924,18
EMP01778,75094,10759,27
EMP01779,51671,5678,4
EMP01780,43986,17232,11
EMP01781,133159,26740,28
EMP01782,144361,38075,36
EMP01783,76662,39306,9
EMP01784,61262,35569,24
EMP01785,70920,49858,15
EMP01786,157257,8148,8
EMP01787,148036,44693,19
EMP01788,118929,44078,39
EMP01789,165505,38523,21
EMP01790,61163,43907,27
EMP01791,43964,44409,36
EMP01792,136661,16620,40
EMP01793,87006,9834,1
EMP01794,78745,24806,20
EMP01795,131599,32600,24
EMP01796,39603,49037,30
EMP01797,63060,10255,27
EMP01798,175695,12687,31
EMP01799,57595,13290,40
EMP01800,48332,28048,15
EMP01801,139057,33859,35
EMP01802,146302,30975,8
EMP01803,93364,36504,23
EMP01804,104694,46278,25
EMP01805,82238,48615,31
EMP01806,124523,33098,2
EMP01807,35892,33101,7
EMP01808,148005,10502,28
EMP01809,155102,23569,14
EMP01810,56539,37239,26
EMP01811,85229,18237,19
EMP01812,143616,8219,1
EMP01813,109782,49686,30
EMP01814,140824,13356,1
EMP01815,43726,41399,25
EMP01816,171270,39853,9
EMP01817,66010,41820,24
EMP01818,89331,25430,36
EMP01819,47207,27485,19
EMP01820,128500,26484,39
EMP01821,51773,35325,12
EMP01822,91148,38702,8
EMP01823,88478,35710,13
EMP01824,88440,49906,15
EMP01825,143304,39156,26
EMP01826,132465,49300,18
EMP01827,55098,21402,11
EMP01828,50112,41185,7
EMP01829,80083,6849,4
EMP01830,25480,6921,26
EMP01831,60772,42008,20
EMP01832,43609,39769,24
EMP01833,124930,46938,2
EMP01834,169380,38662,33
EMP01835,49348,41610,30
EMP01836,130950,26291,5
EMP01837,126393,45667,12
EMP01838,52401,22231,39
EMP01839,150725,12128,22
EMP01840,148797,36620,6
EMP01841,68190,18401,29
EMP01842,145925,31475,0
EMP01843,172983,34029,14
EMP01844,34506,34570,36
EMP01845,173794,20068,0
EMP01846,54778,37692,32
EMP01847,97321,20270,15
EMP01848,168836,10115,37
EMP01849,28253,19786,27
EMP01850,45818,17785,26
EMP01851,162670,40877,0
EMP01852,69900,22361,20
EMP01853,93570,38014,38
EMP01854,147725,13256,19
EMP01855,77343,12461,8
EMP01856,175701,28925,40
EMP01857,46219,37176,23
EMP01858,151924,48960,28
EMP01859,63072,25940,30
EMP01860,49188,19107,16
EMP01861,97764,39583,29
EMP01862,86491,22483,25
EMP01863,74574,35791,4
EMP01864,31796,21652,34
EMP01865,72827,27519,16
EMP01866,57356,40427,3
EMP01867,178275,18200,15
EMP01868,153171,40905,14
EMP01869,108562,17490,34
EMP01870,110112,37533,16
EMP01871,68496,13564,23
EMP01872,67317,11373,17
EMP01873,73704,5301,36
EMP01874,139395,37443,23
EMP01875,98632,29232,21
EMP01876,37974,13143,15
EMP01877,90917,37070,7
EMP01878,160428,23230,5
EMP01879,149865,23311,39
EMP01880,112643,41765,11
EMP01881,38127,18766,35
EMP01882,82930,17682,14
EMP01883,142105,30254,19
EMP01884,50173,12335,12
EMP01885,61237,40999,5
EMP01886,66265,27610,11
EMP01887,122112,20368,17
EMP01888,136622,23920,27
EMP01889,122809,31430,22
EMP01890,27400,13488,33
EMP01891,130906,25672,21
EMP01892,88209,15378,30
EMP01893,105356,24824,8
EMP01894,41906,15293,32
EMP01895,103659,29530,36
EMP01896,46815,15682,31
EMP01897,58444,37030,17
EMP01898,75428,11665,23
EMP01899,169821,19187,13
EMP01900,85315,25686,33
EMP01901,28775,33967,31
EMP01902,112189,19208,15
EMP01903,74849,44862,37
EMP01904,35025,41064,33
EMP01905,35856,45580,0
EMP01906,165593,12095,0
EMP01907,88257,28966,16
EMP01908,51983,21534,38
EMP01909,72493,20301,19
EMP01910,42038,27100,15
EMP01911,135870,23926,1
EMP01912,172601,38973,18
EMP01913,65268,17152,38
EMP01914,30717,13280,39
EMP01915,166298,28313,23
EMP01916,150091,10915,16
EMP01917,116169,12329,29
EMP01918,81923,46104,9
EMP01919,115781,16805,3
EMP01920,113270,38131,39
EMP01921,149174,38549,40
EMP01922,34225,9593,17
EMP01923,155317,13559,21
EMP01924,142839,13110,15
EMP01925,33692,49809,25
EMP01926,179954,31473,23
EMP01927,132724,19241,24
EMP01928,56094,17394,25
EMP01929,128174,8392,29
EMP01930,57418,42479,17
EMP01931,137276,11212,0
EMP01932,27807,32439,25
EMP01933,138189,34903,24
EMP01934,50878,24639,36
EMP01935,68477,40924,20
EMP01936,173712,23100,22
EMP01937,64198,20792,33
EMP01938,82310,43051,25
EMP01939,111561,12739,17
EMP01940,27770,19317,20
EMP01941,55104,28851,18
EMP01942,169298,37943,38
EMP01943,80955,46962,21
EMP01944,140417,19280,19
EMP01945,169176,19811,29
EMP01946,109230,39911,36
EMP01947,84106,25404,4
EMP01948,101548,7079,18
EMP01949,160666,17407,17
EMP01950,56212,10505,22
EMP01951,42232,40980,34
EMP01952,36396,20536,5
EMP01953,150907,37332,24
EMP01954,101424,10318,19
EMP01955,111456,47577,28
EMP01956,116216,9043,39
EMP01957,98375,33075,26
EMP01958,136315,5051,27
EMP01959,105129,44232,29
EMP01960,162018,16777,20
EMP01961,171303,46419,6
EMP01962,151582,25265,1
EMP01963,113383,33915,17
EMP01964,70685,11494,4
EMP01965,108370,17642,6
EMP01966,110590,20795,1
EMP01967,111441,47816,0
EMP01968,38120,20860,35
EMP01969,88002,31011,4
EMP01970,68199,15792,32
EMP01971,87985,37831,40
EMP01972,33918,48313,33
EMP01973,136229,19807,4
EMP01974,56623,15522,9
EMP01975,25405,7723,17
EMP01976,106789,37155,19
EMP01977,118903,40548,19
EMP01978,153484,16237,7
EMP01979,161114,6104,10
EMP01980,102409,44691,35
EMP01981,38074,29140,13
EMP01982,173159,49743,28
EMP01983,58268,29786,30
EMP01984,127803,13409,40
EMP01985,41834,23444,14
EMP01986,44502,17467,22
EMP01987,172866,37490,17
EMP01988,103490,17425,31
EMP01989,110956,43387,10
EMP01990,56565,9919,24
EMP01991,163629,40848,4
EMP01992,111407,6826,5
EMP01993,31900,28629,37
EMP01994,137107,28067,3
EMP01995,129022,27213,21
EMP01996,65252,6990,24
EMP01997,135293,11456,36
EMP01998,36816,15995,30
EMP01999,26293,18519,18
EMP02000,37863,38883,34
